ASLLEXcode,NewFileName,EntryID,Cantonese_Filtered,Cantonese ,cantonese_orig,Frank's Note,Grace's Note
B_01_011,B_01_011-START-15CB-2,start,開始,開始,開始,,
B_01_012,B_01_012-PUZZLED-0TCH-3,puzzled,疑惑,疑惑,疑惑,,
B_01_013,B_01_013-SURPRISE-16IQ-4,surprise,驚喜,驚喜,驚喜,,
B_01_015,B_01_015-HEARING_AID-0KL9-5,hearing_aid,助聽器,助聽器,助聽器,,
B_01_016,B_01_016-BLIND-0TNI-6,blind,盲,盲,盲,,
B_01_017,B_01_017-BORED-0O5M-7,bored,悶,悶,悶,,
B_01_018,B_01_018-RESPONSIBILITY-135C-8,responsibility,責任,責任,責任,,
B_01_019,B_01_019-BATH-0R4M-9,bath,沖涼,沖涼,沖涼,,
B_01_020,B_01_020-SOME-0JG0-10,some,一些,一些,一些,,
B_01_022,B_01_022-AWKWARD-0N1N-11,awkward,尷尬,尷尬,尷尬,,
B_01_022,B_01_022-AWKWARD-0N1N-982,awkward,尷尬,尷尬,尷尬,,
B_01_023,B_01_023-RELATIONSHIP-15ES-12,relationship,關係,關係,關係,,
B_01_024,B_01_024-FAVORITE-0PO0-13,favorite,最鍾意,最鍾意,鍾意,not in,
B_01_025,B_01_025-HUNT-0OIJ-14,hunt,打獵,打獵,打獵,,
B_01_026,B_01_026-RUDE-0V4N-15,rude,粗魯,粗魯,粗魯,,
B_01_027,B_01_027-HEADACHE-161D-16,headache,頭痛,頭痛,頭痛,,
B_01_028,B_01_028-HONEST-1001-17,honest,老實,老實,老實,,
B_01_029,B_01_029-CITY-0LUE-18,city,城市,城市,城市,,
B_01_029,B_01_029-^CITY2-0LUE-19,^city2,城市,城市_2,城市,,
B_01_030,B_01_030-TALL_2-16MO-20,tall_2,高 （身體）,高 （身體）,高挑,高佻、高大,
B_01_032,B_01_032-IMPOSSIBLE-0KC7-21,impossible,冇可能,冇可能,不可能,唔會,
B_01_033,B_01_033-WARN-12R6-22,warn,警告,警告,警告,,
B_01_034,B_01_034-NEW_YORK-0V8G-23,new_york,紐約,紐約,紐約,,
B_01_035,B_01_035-HOCKEY-0PNI-24,hockey,曲棍球,曲棍球,曲棍球,,
B_01_036,B_01_036-FLAG-0PEN-25,flag,旗,旗,旗,,
B_01_037,B_01_037-FILM-15NR-26,film,電影,電影,電影,,
B_01_038,B_01_038-LAST-0PO0-27,last,最後,最後,最後,,
B_01_039,B_01_039-VIDEOPHONE-12CM-28,videophone,視訊電話,視訊電話,電話,"meaning changed, only ref",
B_01_040,B_01_040-SHY-0O0L-29,shy,怕醜,怕醜,怕醜,,
B_01_041,B_01_041-LOOK_AT-0POR-30,look_at,望住,望住,望住,,
B_01_042,B_01_042-LEARN-0MRO-31,learn,學習,學習,學習,,
B_01_043,B_01_043-TRAFFIC-0JL4-32,traffic,交通,交通,交通,,
B_01_044,B_01_044-THREE-0JG9-33,three,三,三,三,,
B_01_044,B_01_044-^THREE_2-0JG9-34,^three_2,三,三_2,三,,
B_01_045,B_01_045-PRINT-0NRH-35,print,影印,影印,影印,,
B_01_046,B_01_046-MIND-0NU3-36,mind,心智,心智,心智,,
B_01_047,B_01_047-BODY-13LB-37,body,身體,身體,身體,,
B_01_048,B_01_048-FINGERSPELL-0000-38,fingerspell,,N/A,,,
B_01_049,B_01_049-BECAUSE-0LN0-39,because,因為,因為,因為,,
B_01_050,B_01_050-PILL-11F5-40,pill,藥丸,藥丸,藥丸,,
B_01_051,B_01_051-BAKE_2-0S74-41,bake_2,烤焗,烤焗,烘烤,"bake, 烘焙 also exists, but quite related to coffee",
B_01_052,B_01_052-GOOD-0MBT-42,good,好,好,好,,
B_01_053,B_01_053-HOTEL-14AI-43,hotel,酒店,酒店,酒店,,
B_01_055,B_01_055-WRONG_1-14PF-44,wrong_1,錯,錯,錯,,
B_01_056,B_01_056-TYPE-0UHE-45,type,種類,種類,種類,,
B_01_057,B_01_057-DOUBT-0OFN-46,doubt,懷疑,懷疑,懷疑,,
B_01_058,B_01_058-JUDGE-0R6L-47,judge,法官,法官,法官,,
B_01_060,B_01_060-PATIENT_1-0TE5-48,patient_1,病人,病人,病人,,
B_01_061,B_01_061-MUCH-0MBT-49,much,好多,好多,好多,,
B_01_062,B_01_062-5_DOLLARS-0JKK-50,5_dollars,五蚊,五蚊,五蚊,,
B_01_063,B_01_063-WRISTWATCH-0OIB-51,wristwatch,手錶,手錶,手錶,,
B_01_064,B_01_064-BREAKDOWN-0KG6-52,breakdown,分解,分解,分解,,
B_01_065,B_01_065-BROTHER-0NOV-54,brother,弟弟,弟弟,弟弟,,
B_01_065,B_01_065-BROTHER-0L75-53,brother,哥哥,哥哥,哥哥,,
B_01_066,B_01_066-PERSON-0JLQ-55,person,人,人,人,,
B_01_067,B_01_067-BUG-11VI-56,bug,蟲,蟲,蟲,,
B_01_069,B_01_069-SALT-17JT-57,salt,鹽,鹽,鹽,,
B_01_070,B_01_070-ANGRY-0MPI-58,angry,嬲,嬲,嬲,,
B_01_071,B_01_071-SERIOUS-0LLK-59,serious,嚴重,嚴重,嚴重,,
B_01_072,B_01_072-SICK-0L8K-60,sick,唔舒服,唔舒服,不舒服,唔-不,
B_01_073,B_01_073-CABBAGE-0Q9G-61,cabbage,椰菜,椰菜,椰菜,,
B_01_074,B_01_074-MINUTE-0KG6-62,minute,分鐘,分鐘,分鐘,,
B_01_076,B_01_076-SPEAKERS-0LC7-63,speakers,喇叭,喇叭,喇叭,,
B_01_077,B_01_077-FATHER-0SHO-64,father,爸爸,爸爸,爸爸,,
B_01_078,B_01_078-PREFER-0QUK-65,prefer,比較鐘意,比較鐘意,更喜歡,"no good corr, not modified",synonym (?)
B_01_078,B_01_078-^PREFER_2-0K2F-66,^prefer_2,偏心,偏心,偏心,,
B_01_079,B_01_079-NOTHING-0KC7-67,nothing,冇嘢,冇嘢,無咩,synonym,
B_01_080,B_01_080-CERTIFICATE-12Q9-68,certificate,證書,證書,證書,,
B_01_081,B_01_081-IMPORTANT-14ED-69,important,重要,重要,重要,,
B_01_082,B_01_082-DELICIOUS-0MBT-70,delicious,好味,好味,好味,,
B_01_083,B_01_083-FRECKLES-15M0-71,freckles,雀斑,雀斑,雀斑,,
B_01_084,B_01_084-ENGAGEMENT-12G2-72,engagement,訂婚,訂婚,訂婚,,
B_01_084,B_01_084-^ENGAGEMENT_2-12G2-73,^engagement_2,訂婚,訂婚_2,訂婚,,
B_01_086,B_01_086-FARM-13TI-74,farm,農場,農場,農場,,
B_01_088,B_01_088-WHICH-0L7A-75,which,哪個,哪個,哪個,,
B_01_089,B_01_089-PEACE-0L4C-76,peace,和平,和平,和平,,
B_01_090,B_01_090-SILLY-0K5R-77,silly,傻,傻,傻,,
B_02_002,B_02_002-EAT_1-166V-78,eat_1,食,食,食,,
B_02_003,B_02_003-ABOUT_2-0000-79,about_2,,N/A,,,
B_02_005,B_02_005-POSSIBLE-0PO9-80,possible,有可能,有可能,有可能,,
B_02_006,B_02_006-BLACK-17MH-81,black,黑色,黑色,黑色,,
B_02_007,B_02_007-PLEASE-0QP3-82,please,欣慰,欣慰,欣慰,,
B_02_008,B_02_008-MOTHER-0MLT-83,mother,媽咪,媽咪,媽咪,,
B_02_009,B_02_009-SAME_1-162U-84,same_1,類似,類似,類似,,
B_02_010,B_02_010-GALLAUDET-0000-85,gallaudet,,gallaudet,,,
B_02_012,B_02_012-DRINK-167I-86,drink,飲,飲,飲,,
B_02_013,B_02_013-SAME_2-0000-87,same_2,,N/A,,,
B_02_014,B_02_014-SCARCELY-0NJU-88,scarcely,幾乎不會,幾乎不會,幾乎不,slightly super,
B_02_015,B_02_015-YEAR-0NJK-89,year,年,年,年,,
B_02_016,B_02_016-WAIT-0UQ9-90,wait,等,等,等,,
B_02_019,B_02_019-SWALLOW-0L0U-91,swallow,吞,吞,吞,,
B_02_020,B_02_020-FRIDAY-0PGV-92,friday,星期五,星期五,星期五,,
B_02_021,B_02_021-REALLY-0TOV-93,really,真嘅,真嘅,真的,written chinese,
B_02_022,B_02_022-CONGRATULATIONS-0O3D-94,congratulations,恭喜,恭喜,恭喜,,
B_02_026,B_02_026-HOSPITAL-14DB-95,hospital,醫院,醫院,醫院,,
B_02_027,B_02_027-SUBTRACT-0RGR-96,subtract,減,減,減,,
B_02_029,B_02_029-WIN-138F-97,win,贏,贏,贏,,
B_02_030,B_02_030-AFTER-0JIB-98,after,之後,之後,之後,,
B_02_032,B_02_032-WEAR-13LB-99,wear,身穿,身穿,身穿,,
B_02_033,B_02_033-KEY-14SM-100,key,鎖匙,鎖匙,鎖匙,,
B_02_034,B_02_034-TRY-0LGN-101,try,嘗試,嘗試,嘗試,,
B_02_034,B_02_034-^TRY_2-0LGN-102,^try_2,嘗試,嘗試,嘗試,,
B_02_035,B_02_035-WHERE-144A-103,where,邊度,邊度,邊度,,
B_02_036,B_02_036-GRANDFATHER-0KBC-104,grandfather,公公,公公 (mother's father),公公,,
B_02_036,B_02_036-GRANDFATHER-0SHQ-105,grandfather,爺爺,爺爺 (father's father),爺爺,,
B_02_037,B_02_037-SUMMER-0M8F-106,summer,夏天,夏天,夏天,,
B_02_038,B_02_038-ACT-0OJE-107,act,扮演,扮演,扮演,,
B_02_039,B_02_039-PARADE-142A-108,parade,遊行,遊行,遊行,,
B_02_040,B_02_040-VOTE-0OKL-109,vote,投票,投票,投票,,
B_02_041,B_02_041-SLOW-0OB2-110,slow,慢,慢,慢,,
B_02_042,B_02_042-GROW-0OGG-111,grow,成長,成長,成長,,
B_02_043,B_02_043-OTHER-0KBM-112,other,其他,其他,其他,,
B_02_044,B_02_044-DREAM-0M92-113,dream,夢,夢,夢,,
B_02_045,B_02_045-THURSDAY-0PGV-114,thursday,星期四,星期四,星期四,,
B_02_047,B_02_047-WARM-0PKM-115,warm,暖,暖,暖,,
B_02_052,B_02_052-BOSS-1001-116,boss,老闆,老闆,老闆,,
B_02_053,B_02_053-SAD-0L8K-117,sad,唔開心,唔開心,不高興,written chinese,
B_02_055,B_02_055-CIGAR-15NA-118,cigar,雪茄,雪茄,雪茄,,
B_02_056,B_02_056-ZOOM_IN-0P9U-119,zoom_in,放大,放大,放大,,
B_02_057,B_02_057-CREDIT_CARD-0JV1-120,credit_card,信用卡,信用卡,信用卡,,
B_02_059,B_02_059-ACCIDENT-0O8F-121,accident,意外,意外,意外,,
B_02_059,B_02_059-^ACCIDENT_2-0O8F-122,^accident_2,意外,意外,意外,,
B_02_059,B_02_059-^ACCIDENT_3-0O8F-123,^accident_3,意外,意外,意外,,
B_02_062,B_02_062-GOVERNMENT-0P9V-124,government,政府,政府,政府,,
B_02_063,B_02_063-DANCE-13FJ-125,dance,跳舞,跳舞,跳舞,,
B_02_064,B_02_064-^EXPERIENCE_2-16MK-127,^experience_2,體驗,體驗,體驗,,
B_02_064,B_02_064-EXPERIENCE-0VCJ-126,experience,經驗,經驗,經驗,,
B_02_065,B_02_065-WET-0RUL-128,wet,濕,濕,濕,,
B_02_066,B_02_066-DISAGREEMENT-0KG6-129,disagreement,分歧,分歧,分歧,,
B_02_067,B_02_067-PURPLE-0V9B-130,purple,紫色,紫色,紫色,,
B_02_068,B_02_068-LOOK_APPEARANCE-0TOB-131,look_appearance,看似,看似,看似,,
B_02_069,B_02_069-MEAN_1-0KHR-132,mean_1,刻薄,刻薄,刻薄,,
B_02_070,B_02_070-NEW-0PDG-133,new,新的,新的,新的,,
B_02_071,B_02_071-AGE-0NJK-134,age,年紀,年紀,年紀,,
B_02_072,B_02_072-ABOUT_1-15ES-135,about_1,關於,關於,關於,,
B_02_073,B_02_073-SEW-0VHB-136,sew,縫紉,縫紉,縫紉,,
B_02_074,B_02_074-DECIDE_1-0R3Q-137,decide_1,決定,決定,決定,,
B_02_075,B_02_075-STRESS-0M6J-138,stress,壓力,壓力,壓力,,
B_02_076,B_02_076-WONDER-12MN-139,wonder,諗,諗,諗,,
B_02_077,B_02_077-^PILE_2-0M06-141,^pile_2,堆 (衣服),堆(衣服),堆,deleted specific meaning,
B_02_077,B_02_077-PILE-0M06-140,pile,堆 (垃圾),堆(垃圾),垃圾堆,reorganize,
B_02_078,B_02_078-HAIRDRYER-1658-142,hairdryer,風筒,風筒,風筒,,
B_02_079,B_02_079-WEEK-0PGV-143,week,星期,星期,星期,,
B_02_079,B_02_079-^WEEK_2-0PGV-144,^week_2,星期,星期_2,星期,,
B_02_080,B_02_080-TIME-0PI2-145,time,時間,時間,時間,,
B_02_081,B_02_081-BLINDS_1-0UKN-146,blinds_1,窗簾,窗簾,窗簾,,
B_02_082,B_02_082-BAD-123G-147,bad,衰,衰,衰,,
B_02_083,B_02_083-HEALTH-0K35-148,health,健康,健康,健康,,
B_02_084,B_02_084-LEAVE-15N2-149,leave,離開,離開,離開,,
B_02_085,B_02_085-GREEN-0VD0-150,green,綠色,綠色,綠色,,
B_02_086,B_02_086-SON-0KAI-151,son,兒子,兒子,兒子,,
B_02_087,B_02_087-SUNSET-0PF5-152,sunset,日落,日落,日落,,
B_02_088,B_02_088-CHARACTER-0O17-153,character,性格,性格,性格,,
B_02_089,B_02_089-TRAVEL-0PE5-154,travel,旅行,旅行,旅行,,
B_02_090,B_02_090-BOY-0T9N-155,boy,男仔,男仔,男仔,,
B_03_001,B_03_001-FREEWAY-16MO-156,freeway,高速公路,高速公路,高速公路,,
B_03_002,B_03_002-ANIMAL-0KML-157,animal,動物,動物,動物,,
B_03_003,B_03_003-TRAIN-0S3B-158,train,火車,火車,火車,,
B_03_004,B_03_004-REMOTE_CONTROL-1430-159,remote_control,遠端控制,遠端控制,遙控,existing equivalent,
B_03_005,B_03_005-EMOTION-0O8V-160,emotion,感情,感情,感情,,
B_03_006,B_03_006-VIDEOCAMERA-0P8T-161,videocamera,攝錄機,攝錄機,攝錄機,,
B_03_007,B_03_007-GET-0P8U-162,get,攞,攞,攞,,
B_03_008,B_03_008-COOKIE-1685-163,cookie,餅乾,餅乾,餅乾,,
B_03_010,B_03_010-STARBUCKS-0PGV-164,starbucks,星巴克,星巴克,星巴克,,
B_03_011,B_03_011-BRAG-0L1P-165,brag,吹牛,吹牛,吹牛,,
B_03_012,B_03_012-LIE-12OR-166,lie,講大話,講大話,講大話,,
B_03_013,B_03_013-COMMUNICATION-0RKT-167,communication,溝通,溝通,溝通,,
B_03_014,B_03_014-WORM-120L-168,worm,蠕蟲,蠕蟲,蠕蟲,,
B_03_015,B_03_015-RUN-13EH-169,run,跑,跑,跑,,
B_03_016,B_03_016-VACATION-0K27-170,vacation,假期,假期,假期,,
B_03_017,B_03_017-SHAVE-0KI3-171,shave,剃,剃,剃,,
B_03_018,B_03_018-IMAGINE-0O7J-172,imagine,想像,想像,想像,,
B_03_019,B_03_019-THIEF_1-136A-173,thief_1,賊,賊,賊,,
B_03_021,B_03_021-^SET_UP_SHOP-12HD-175,^set_up_shop,設定（店鋪）,設定(店鋪）,,drop,
B_03_021,B_03_021-SET_UP-12HD-174,set_up,設定（軟體）,設定（軟體）,設定,,
B_03_022,B_03_022-MAYBE-0KVF-176,maybe,可能,可能,可能,,
B_03_023,B_03_023-WORLD-0JGM-177,world,世界,世界,世界,,
B_03_024,B_03_024-TALL_1-16MO-178,tall_1,高,高,高,,
B_03_025,B_03_025-FINISH-0MSC-179,finish,完成,完成,完成,,
B_03_026,B_03_026-CALL_TTY-0T98-180,call_tty,用電傳打字機,用電傳打字機,用電傳打字機,drop,
B_03_027,B_03_027-PIPE-0UT1-181,pipe,管,管,管,,
B_03_029,B_03_029-RELIGION-0MSN-182,religion,宗教,宗教,宗教,,
B_03_030,B_03_030-CABINET-0QM3-183,cabinet,櫃,櫃,櫃,,
B_03_031,B_03_031-TOURNAMENT-0QUK-184,tournament,比賽,比賽,比賽,,
B_03_032,B_03_032-MORE-0M8Q-185,more,多啲,多啲,多點,written chinese,
B_03_033,B_03_033-DONT_MIND-0L8K-186,dont_mind,唔介意,唔介意,不介意,written chinese,
B_03_036,B_03_036-^GLASS-0STR-187,^glass,玻璃,玻璃,玻璃,,
B_03_036,B_03_036-GLASSES-0TPS-188,glasses,眼鏡,眼鏡,眼鏡,,
B_03_037,B_03_037-SLEEP-12GJ-189,sleep,訓覺,訓覺,訓覺,,
B_03_038,B_03_038-INTEREST-10G8-190,interest,興趣,興趣,興趣,,
B_03_039,B_03_039-CAREFUL-0N0F-191,careful,小心,小心,小心,,
B_03_040,B_03_040-CHECK-0QL2-192,check,檢查,檢查,檢查,,
B_03_043,B_03_043-THINGS-0PRH-193,things,東西,東西,東西,,
B_03_044,B_03_044-PARENTS-0MTM-194,parents,家長,家長,家長,,
B_03_045,B_03_045-LOOK_FOR-0P1L-195,look_for,搵,搵,搵,,
B_03_046,B_03_046-LIVE_1-0T8V-196,live_1,生活,生活,生活,,
B_03_047,B_03_047-PROBLEM_2-15N3-197,problem_2,難題,難題,難題,,
B_03_048,B_03_048-TROUBLE-17LR-198,trouble,麻煩,麻煩,麻煩,,
B_03_049,B_03_049-FOR-0S5Q-199,for,為咗,為咗,為了,written chinese; 爲著，爲了,
B_03_050,B_03_050-BRAVE-0KM7-200,brave,勇敢,勇敢,勇敢,,
B_03_051,B_03_051-CHALLENGE-0OOH-201,challenge,挑戰,挑戰,挑戰,,
B_03_054,B_03_054-TEXT-0K5J-202,text,傳訊息,傳訊息,,no good corr,
B_03_055,B_03_055-BORROW-0K0V-203,borrow,借,借,借,,
B_03_056,B_03_056-WEDNESDAY-0PGV-204,wednesday,星期三,星期三,星期三,,
B_03_057,B_03_057-HAVE-0PO9-205,have,有,有,有,,
B_03_058,B_03_058-FIGHT-0OIJ-206,fight,打架,打架,打架,,
B_03_059,B_03_059-WORK-0NF5-207,work,工作,工作,工作,,
B_03_061,B_03_061-LIVE_2-0N25-208,live_2,居住,居住,居住,,
B_03_062,B_03_062-BEER-0LB4-209,beer,啤酒,啤酒,啤酒,,
B_03_063,B_03_063-HOME-0N2B-210,home,屋企,屋企,屋企,,
B_03_064,B_03_064-LAWNMOWER-0KJA-211,lawnmower,剪草機,剪草機,,no good corr,
B_03_065,B_03_065-FINGERSPELLING-0000-212,fingerspelling,,fingerspelling,,,
B_03_066,B_03_066-HEART-0NU3-213,heart,心,心,心,,
B_03_067,B_03_067-HOTDOG-0SDH-214,hotdog,熱狗,熱狗,熱狗,,
B_03_068,B_03_068-CLASS-162U-215,class,類別,類別,類別,,
B_03_070,B_03_070-KEYBOARD-14RL-216,keyboard,鍵盤,鍵盤,鍵盤,,
B_03_072,B_03_072-AND-0L0C-217,and,同埋,同埋,同埋,,
B_03_073,B_03_073-CAMERA-0TNO-218,camera,相機,相機,相機,,
B_03_073,B_03_073-^CAMERA_2-0PO9-219,^camera_2,有鏡頭的相機,有鏡頭的相機,單反,ref to Arthur's note,
B_03_074,B_03_074-FALL_1-0UEB-221,fall_1,秋天,秋天,秋天,,
B_03_075,B_03_075-WAR-0OHG-222,war,戰爭,戰爭,戰爭,,
B_03_077,B_03_077-MOVIES-15NR-223,movies,電影,電影,電影,,
B_03_078,B_03_078-LONELY-0MR4-224,lonely,孤單,孤單,孤單,,
B_03_079,B_03_079-SCARED-16IQ-225,scared,驚,驚,驚,,
B_03_080,B_03_080-HAPPEN-0TJS-226,happen,發生,發生,發生,,
B_03_081,B_03_081-GRADUATE-0TB2-227,graduate,畢業,畢業,畢業,,
B_03_082,B_03_082-EAT_2-0000-228,eat_2,,N/A,,,
B_03_083,B_03_083-EMAIL-15NR-229,email,電郵,電郵,電郵,,
B_03_084,B_03_084-RESEARCH-0U0K-230,research,研究,研究,研究,,
B_03_086,B_03_086-STUBBORN-0U3C-231,stubborn,硬頸,硬頸,硬頸,,
B_03_087,B_03_087-CUTE_1-0KVF-232,cute_1,可愛,可愛,可愛,,
B_03_089,B_03_089-RECORDING-14O4-233,recording,錄影 (單手),錄影(單手),錄影,deleted parenthesis note,
B_03_089,B_03_089-^RECORDING_2-14O4-234,^recording_2,錄影 (雙手),錄影(雙手),錄影,deleted parenthesis note,
B_03_090,B_03_090-FIRE-0S3B-235,fire,火,火,火,,
C_01_006,C_01_006-UNDERSTAND-0PGE-236,understand,明白,明白,明白,,
C_01_007,C_01_007-DRYER-0JJU-237,dryer,乾衣機,乾衣機,乾衣機,,
C_01_008,C_01_008-TALK-12OR-238,talk,講嘢,講嘢,講嘢,,
C_01_010,C_01_010-HUNGRY-104Q-239,hungry,肚餓,肚餓,肚餓,,
C_01_011,C_01_011-FAT-1055-240,fat,肥,肥,肥,,
C_01_012,C_01_012-LIGHT_WEIGHT-13OL-241,light_weight,輕,輕,輕,,
C_01_013,C_01_013-LATE-143I-242,late,遲到,遲到,遲到,,
C_01_014,C_01_014-EMBARRASS-0KFQ-243,embarrass,出醜,出醜,出醜,,
C_01_015,C_01_015-MOCK-0O35-244,mock,恥笑,恥笑,恥笑,,
C_01_016,C_01_016-FIGURE-12G8-245,figure,計數,計數,計數,,
C_01_019,C_01_019-UGLY-0QH3-246,ugly,樣衰,樣衰,樣衰,,
C_01_020,C_01_020-SORRY-0N0D-247,sorry,對唔住,對唔住,對唔住,,
C_01_022,C_01_022-PRETTY-15QQ-248,pretty,靚,靚,靚,,
C_01_023,C_01_023-COUSIN-0M02-254,cousin,堂弟,堂弟 (Younger male cousin born to father's brother/sister),堂弟,,
C_01_023,C_01_023-COUSIN-0M02-255,cousin,堂家姐,堂家姐 (Elder female cousin born to father's brother/sister),堂姐,written chinese,
C_01_023,C_01_023-COUSIN-0M02-253,cousin,堂兄,堂兄 (Elder male cousin born to father's brother/sister),堂兄,,
C_01_023,C_01_023-COUSIN-1238-250,cousin,表弟,表弟 (Younger male cousin born to mother's brother/sister),表弟,,
C_01_023,C_01_023-COUSIN-1238-251,cousin,表姐,表姐 (Elder female cousin born to mother's brother/sister),表姐,,
C_01_023,C_01_023-COUSIN-0M02-256,cousin,堂妹,堂妹 (Younger female cousin born to father's brother/sister),堂妹,,
C_01_023,C_01_023-COUSIN-1238-249,cousin,表哥,表哥 (Elder male cousin born to mother's brother/sister),表哥,,
C_01_023,C_01_023-COUSIN-1238-252,cousin,表妹,表妹 (Younger female cousin born to mothers' brother/sister) ,表妹,,
C_01_025,C_01_025-FAMILY-0N2B-257,family,屋企人,屋企人,家人,written chinese,
C_01_026,C_01_026-ACTION-0KML-258,action,動作,動作,動作,,
C_01_027,C_01_027-CENTER-0JHD-259,center,中間,中間,中間,,
C_01_028,C_01_028-UPLOAD-0JGA-260,upload,上載,上載,上載,,
C_01_029,C_01_029-FOUR-0LMR-261,four,四,四,四,,
C_01_030,C_01_030-WASTE-0RBA-262,waste,浪費,浪費,浪費,,
C_01_031,C_01_031-LETTER-0JV1-263,letter,信,信,信,,
C_01_032,C_01_032-MAKE-127T-264,make,製作,製作,製作,,
C_01_034,C_01_034-BASEMENT-0LPG-265,basement,地下室,地下室,地下室,,
C_01_035,C_01_035-MCDONALDS_2-12GO-266,mcdonalds_2,M記,M記,麥當勞,,changed to another colloquial name for mcdonalds 
C_01_036,C_01_036-HARD-15N3-267,hard,難,難,難,,
C_01_036,C_01_036-^HARD_TEXTURE-0U3C-268,^hard_texture,硬,硬 ,硬,,
C_01_037,C_01_037-QUIET-15QS-269,quiet,靜,靜,靜,,
C_01_038,C_01_038-CALL_ATTENTION-0NOL-270,call_attention,引起注意,引起注意,引人注意,no good corr,synonym
C_01_039,C_01_039-FRONT-0KID-271,front,前面,前面,前面,,
C_01_040,C_01_040-MAN-0T9N-272,man,男人,男人,男人,,
C_01_042,C_01_042-MONEY-14P2-273,money,錢,錢,錢,,
C_01_043,C_01_043-FINE_1-0NJU-274,fine_1,幾好,幾好,幾好,,
C_01_044,C_01_044-DAY-0PF5-275,day,日,日,日,,
C_01_047,C_01_047-STRICT-0LLK-276,strict,嚴格,嚴格,嚴格,,
C_01_048,C_01_048-KNOW-0TV5-277,know,知道,知道,知道,,
C_01_049,C_01_049-PAST-142E-278,past,過去,過去,過去,,
C_01_050,C_01_050-SHOW-0KFQ-279,show,出示,出示,出示,,
C_01_051,C_01_051-FAULT-142E-280,fault,過錯,過錯,過錯,,
C_01_052,C_01_052-EQUAL-0NJJ-281,equal,平等,平等,平等,,
C_01_053,C_01_053-WISH-162O-282,wish,願望,願望,願望,,
C_01_054,C_01_054-HEADPHONES-101J-283,headphones,耳筒,耳筒,耳筒,,
C_01_054,C_01_054-^HEADPHONES_2-101J-284,^headphones_2,耳機,耳機,耳機,,
C_01_055,C_01_055-DOWNSIZE_1-0RGR-285,downsize_1,減少,減少,減少,,
C_01_056,C_01_056-KING-0LOB-286,king,國王,國王,國王,,
C_01_056,C_01_056-^KING_2-0LOB-287,^king_2,國王,國王_2,國王,,
C_01_057,C_01_057-GUESS_1-0JPG-288,guess_1,估,估,估,,
C_01_058,C_01_058-STUPID_1-1212-289,stupid_1,蠢,蠢,蠢,,
C_01_059,C_01_059-CIGARETTE-16CP-290,cigarette,香煙,香煙,香煙,,
C_01_060,C_01_060-MY-0OGH-291,my,我嘅,我嘅,我的,written chinese,
C_01_061,C_01_061-COMPLEX-1287-292,complex,複雜,複雜,複雜,,
C_01_063,C_01_063-DIVORCE-15N2-293,divorce,離婚,離婚,離婚,,
C_01_064,C_01_064-EXPENSIVE-135K-294,expensive,貴,貴,貴,,
C_01_066,C_01_066-PLAY-0ST9-295,play,玩,玩,玩,,
C_01_067,C_01_067-CROSS-0KQ1-296,cross,十字架,十字架,十字架,,
C_01_069,C_01_069-HIPPO-0R5J-297,hippo,河馬,河馬,河馬,,
C_01_071,C_01_071-STAFF-103N-298,staff,職員,職員,職員,,
C_01_072,C_01_072-ERASER-0P76-299,eraser,擦字膠,擦字膠,擦膠,existing equivalent,
C_01_073,C_01_073-COMPUTER_MOUSE-0RMH-300,computer_mouse,滑鼠,滑鼠,滑鼠,,
C_01_076,C_01_076-REASON-0KSV-301,reason,原因,原因,原因,,
C_01_077,C_01_077-FOREIGNER_1-0M8M-302,foreigner_1,外國人,外國人,外國人,,
C_01_077,C_01_077-^FOREIGNER_2-0M8M-303,^foreigner_2,外國人,外國人_2,外國人,,
C_01_078,C_01_078-REQUIREMENT-12C1-304,requirement,要求,要求,要求,,
C_01_079,C_01_079-CHAT-0K5U-305,chat,傾計,傾計,傾計,,
C_01_081,C_01_081-CRACKER-11G7-306,cracker,蘇打餅,蘇打餅,餅乾,no good corr,synonym
C_01_082,C_01_082-TEMPTATION-0NOL-307,temptation,引誘,引誘,引誘,,
C_01_083,C_01_083-CHERRY-13MA-308,cherry,車厘子,車厘子,車厘子,,
C_01_084,C_01_084-EXERCISE-142B-309,exercise,運動,運動,運動,,
C_01_086,C_01_086-ANNOUNCE-0KBC-310,announce,公佈,公佈,公佈,,
C_01_087,C_01_087-BLOOD-1220-311,blood,血,血,血,,
C_01_087,C_01_087-BLOOD_2-1220-312,blood_2,血,血_2,血,,
C_01_088,C_01_088-APPOINTMENT-160G-313,appointment,預約,預約,預約,,
C_01_088,C_01_088-^APPOINTMENT_2-160G-314,^appointment_2,預約,預約_2,預約,,
C_01_089,C_01_089-OWE-0QP0-315,owe,欠,欠,欠,,
C_01_089,C_01_089-OWE_2-0QP0-316,owe_2,欠,欠_2,欠,,
C_02_001,C_02_001-FEEL-0O8V-317,feel,感覺,感覺,感覺,,
C_02_002,C_02_002-THIN-0TH6-318,thin,瘦,瘦,瘦,,
C_02_003,C_02_003-SUN-0M9A-319,sun,太陽,太陽,太陽,,
C_02_004,C_02_004-PRICE-0K7P-320,price,價錢,價錢,價錢,,
C_02_005,C_02_005-TWO-0JKC-321,two,二,二,二,,
C_02_006,C_02_006-AMERICA-0VSE-322,america,美國,美國,美國,,
C_02_007,C_02_007-INVITE-1440-323,invite,邀請,邀請,邀請,,
C_02_008,C_02_008-JACKET-0M8M-324,jacket,外套,外套,外套,,
C_02_009,C_02_009-LOSE_GAME-13PO-325,lose_game,輸,輸,輸,,
C_02_010,C_02_010-EUROPE-0QQG-326,europe,歐洲,歐洲,歐洲,,
C_02_011,C_02_011-POOR-0ULE-327,poor,窮,窮,窮,,
C_02_011,C_02_011-POOR_2-0ULE-328,poor_2,窮,窮_2,窮,,
C_02_012,C_02_012-MORNING-0PF9-329,morning,早上,早上,早上,,
C_02_015,C_02_015-WORRY-0P6K-330,worry,擔心,擔心,擔心,,
C_02_016,C_02_016-TEAR-0P4L-331,tear,撕開,撕開,撕開,,
C_02_017,C_02_017-CANCELLATION-0KUM-332,cancellation,取消,取消,取消,,
C_02_018,C_02_018-CHURCH-0PAP-333,church,教堂,教堂,教堂,,
C_02_021,C_02_021-HAMMER-0QEC-334,hammer,槌,槌,槌,,
C_02_023,C_02_023-HEARING-0K35-335,hearing,健聽,健聽,健聽,,
C_02_024,C_02_024-RABBIT-0KAK-337,rabbit,兔仔,兔仔,兔仔,,
C_02_026,C_02_026-CORN_2-0V4V-338,corn_2,粟米,粟米,粟米,,
C_02_027,C_02_027-GRANDMOTHER-0MP4-339,grandmother,嬤嬤,嬤嬤 (Father's mother),嬤嬤,,
C_02_027,C_02_027-GRANDMOTHER-0MI6-340,grandmother,婆婆,婆婆 (Mother's mother),婆婆,,
C_02_028,C_02_028-WOMAN-0MBJ-341,woman,女人,女人,女人,,
C_02_032,C_02_032-INTERNET-0JKI-342,internet,互聯網,互聯網,互聯網,,
C_02_033,C_02_033-DEPARTMENT-1478-343,department,部門,部門,部門,,
C_02_036,C_02_036-BEHAVIOR-122C-344,behavior,行為,行為,行為,,
C_02_037,C_02_037-MEASURE-14EF-345,measure,量度,量度,量度,,
C_02_038,C_02_038-TV-15NR-346,tv,電視,電視,電視,,
C_02_039,C_02_039-COLOR-162F-347,color,顏色,顏色,顏色,,
C_02_040,C_02_040-JELLY-0LBB-348,jelly,啫喱,啫喱,啫喱,,
C_02_041,C_02_041-PUNISH-0OFI-349,punish,懲罰,懲罰,懲罰,,
C_02_042,C_02_042-EGYPT-0LU3-350,egypt,埃及,埃及,埃及,,
C_02_042,C_02_042-^EGYPT_2-0LU3-351,^egypt_2,埃及,埃及_2,埃及,,
C_02_044,C_02_044-BALL-0R72-352,ball,波,波,波,,
C_02_045,C_02_045-HIGH-16MO-353,high,高,高,高,,
C_02_046,C_02_046-BALANCE-0NJJ-354,balance,平衡,平衡,平衡,,
C_02_046,C_02_046-BALANCE-0NJJ-980,balance,平衡,平衡,平衡,,
C_02_047,C_02_047-STUPID_2-0000-355,stupid_2,,N/A,,,
C_02_048,C_02_048-GREECE-0NGC-356,greece,希臘,希臘,希臘,,
C_02_048,C_02_048-^GREECE_2-0NGC-357,^greece_2,希臘,希臘_2,希臘,,
C_02_050,C_02_050-FRUSTRATE-0JRV-358,frustrate,使灰心,使灰心,令人灰心,no good corr,
C_02_051,C_02_051-NUMBERS-0PBO-359,numbers,數字,數字,數字,,
C_02_052,C_02_052-SKATEBOARDING-13H9-360,skateboarding,踩滑板,踩滑板,玩滑板,no good corr,
C_02_053,C_02_053-EXPLANATION-12F3-361,explanation,解釋,解釋,解釋,,
C_02_054,C_02_054-WHAT_FOR-0S5Q-362,what_for,為甚麽,為甚麽,點解,synonym,
C_02_055,C_02_055-8_HOUR-0KBB-363,8_hour,八個鐘,八個鐘,八小時,written chinese,
C_02_056,C_02_056-BENEFIT-0MBT-364,benefit,好處,好處,好處,,
C_02_057,C_02_057-WASH_MACHINE-0R8N-365,wash_machine,洗衣機,洗衣機,洗衣機,,
C_02_058,C_02_058-GULLIBLE-0MTP-366,gullible,容易上當的,容易上當的,,no good corr,
C_02_059,C_02_059-FURNITURE-0K52-367,furniture,傢俬,傢俬,傢俬,,
C_02_060,C_02_060-HIGH_SCHOOL-16MO-368,high_school,高中,高中,高中,,
C_02_062,C_02_062-BLUE-11ED-369,blue,藍色,藍色,藍色,,
C_02_063,C_02_063-UNIVERSITY-0M97-370,university,大學,大學,大學,,
C_02_065,C_02_065-WEAK-0NPH-371,weak,弱,弱,弱,,
C_02_066,C_02_066-CHILDREN-0N0F-372,children,小朋友,小朋友,小朋友,,
C_02_067,C_02_067-FEW-0NJU-373,few,幾個,幾個,幾個,,
C_02_068,C_02_068-COLD-0KED-374,cold,凍,凍,凍,,
C_02_071,C_02_071-COUGH-0L5J-375,cough,咳嗽,咳嗽,咳嗽,,
C_02_071,C_02_071-^COUGH_2-0L5J-376,^cough_2,咳嗽,咳嗽_2,咳嗽,,
C_02_072,C_02_072-HOUR-0N0F-377,hour,小時,小時,小時,,
C_02_078,C_02_078-AGREEMENT-0L0C-378,agreement,同意,同意,同意,,
C_02_080,C_02_080-9_OCLOCK-0JIT-379,9_oclock,九點,九點,九點,,
C_02_083,C_02_083-FRUIT-0R1K-380,fruit,水果,水果,水果,,
C_02_084,C_02_084-JIGSAW_PUZZLE-0ONS-381,jigsaw_puzzle,拼圖,拼圖,拼圖,,
C_02_085,C_02_085-ACCOMPLISH-0OGG-382,accomplish,成功,成功,成功,,
C_02_086,C_02_086-CAPTION-12LA-383,caption,說明文字、字幕,說明文字、字幕,字幕,,
C_02_087,C_02_087-MOUTH-0LHK-384,mouth,嘴巴,嘴巴,嘴巴,,
C_02_088,C_02_088-PINEAPPLE-10V0-385,pineapple,菠蘿,菠蘿,菠蘿,,
C_02_089,C_02_089-JUMP-13FJ-386,jump,跳,跳,跳,,
C_02_090,C_02_090-RED-0V85-387,red,紅色,紅色,紅色,,
C_03_002,C_03_002-EARTH-0LPG-388,earth,地球,地球,地球,,
C_03_003,C_03_003-MAGNET-0U61-389,magnet,磁石,磁石,磁石,,
C_03_005,C_03_005-EMPEROR-0TK7-390,emperor,皇帝,皇帝,皇帝,,
C_03_005,C_03_005-^EMPEROR_2-0TK7-391,^emperor_2,皇帝,皇帝_2,皇帝,,
C_03_006,C_03_006-DEEP-0RFH-392,deep,深,深,深,,
C_03_007,C_03_007-FALL_2-13EC-393,fall_2,跌親,跌親,跌親,,
C_03_009,C_03_009-INDIAN-0KRG-394,indian,印度,印度,印度,,
C_03_010,C_03_010-PROBLEM_1-0LAF-397,problem_1,問題,問題,問題,,
C_03_011,C_03_011-EARRING-101J-398,earring,耳環,耳環,耳環,,
C_03_012,C_03_012-SUSPECT-0OFN-399,suspect,懷疑,懷疑,懷疑,,
C_03_014,C_03_014-BLINDS_2-0TJU-400,blinds_2,百葉簾,百葉簾,百葉窗,,
C_03_015,C_03_015-BONE-16L8-401,bone,骨頭,骨頭,骨頭,,
C_03_016,C_03_016-FAST-0NVB-402,fast,快,快,快,,
C_03_018,C_03_018-STRANGE-0MA7-403,strange,奇怪,奇怪,奇怪,,
C_03_020,C_03_020-SQUIRREL-0PRU-404,squirrel,松鼠,松鼠,松鼠,,
C_03_021,C_03_021-KNEEL-13FA-406,kneel,跪下,跪下,跪下,,
C_03_022,C_03_022-PITY-0L0C-407,pity,同情、可憐,同情、可憐,同情,,chose 1st opt
C_03_023,C_03_023-CHANNEL-161R-408,channel,頻道,頻道,頻道,,
C_03_024,C_03_024-ORAL-0KV3-409,oral,口語,口語,口語,,
C_03_027,C_03_027-MISUNDERSTAND-12L4-410,misunderstand,誤解,誤解,誤解,,
C_03_028,C_03_028-LAUGH-0UOH-411,laugh,笑,笑,笑,,
C_03_033,C_03_033-PAIN-0TER-412,pain,痛,痛,痛,,
C_03_034,C_03_034-CANADA-0KL0-413,canada,加拿大,加拿大,加拿大,,
C_03_035,C_03_035-SPORTS-142B-414,sports,運動,運動,運動,,
C_03_036,C_03_036-ORDER_2-0L3T-415,order_2,命令,命令,命令,,
C_03_037,C_03_037-PROTECTION-0JUT-416,protection,保護,保護,保護,,
C_03_038,C_03_038-COVER_UP-0OT9-417,cover_up,掩飾,掩飾,掩飾,,
C_03_039,C_03_039-SCAN-0OS3-418,scan,掃描,掃描,掃描,,
C_03_040,C_03_040-MEDICINE-11F5-419,medicine,藥,藥,藥,,
C_03_041,C_03_041-NO-0L8K-420,no,唔好,唔好,唔好,,
C_03_042,C_03_042-LAPTOP-0OIB-421,laptop,手提電腦,手提電腦,手提電腦,,
C_03_043,C_03_043-ARM-0OIB-422,arm,手臂,手臂,手臂,,
C_03_046,C_03_046-DOWNLOAD-0JGB-423,download,下載,下載,下載,,
C_03_047,C_03_047-GAME-142A-424,game,遊戲,遊戲,遊戲,,
C_03_048,C_03_048-LECTURE-12OR-425,lecture,講座,講座,講座,,
C_03_051,C_03_051-JEALOUS-0MCI-426,jealous,妒忌,妒忌,妒忌,,
C_03_052,C_03_052-^DROP_2-0OS9-427,^drop_2,掉低,掉低,掉,,written chinese
C_03_052,C_03_052-DROP-0OS9-428,drop,掉低,掉低,掉,,written chinese
C_03_054,C_03_054-STOMACH-1063-429,stomach,胃,胃,胃,,
C_03_055,C_03_055-EARN-137Q-430,earn,賺錢,賺錢,賺錢,,
C_03_057,C_03_057-KID-0N0F-431,kid,小童,小童,小童,,
C_03_058,C_03_058-COUNTRY-0LOB-432,country,國家,國家,國家,,
C_03_059,C_03_059-THAT-0LFG-433,that,嗰個,嗰個,那個,,written chinese
C_03_060,C_03_060-CANDLE-120V-434,candle,蠟燭,蠟燭,蠟燭,,
C_03_061,C_03_061-VOICE-103I-435,voice,聲音,聲音,聲音,,
C_03_063,C_03_063-STAMP-147L-436,stamp,郵票,郵票,郵票,,
C_03_064,C_03_064-APPEAR-0KFQ-437,appear,出現,出現,出現,,
C_03_065,C_03_065-NURSE-12RN-438,nurse,護士,護士,護士,,
C_03_067,C_03_067-FOREIGNER_2-0000-439,foreigner_2,/,N/A,,,deleted
C_03_069,C_03_069-POWER-0KKR-440,power,力量,力量,力量,,
C_03_070,C_03_070-MONDAY-0PGV-441,monday,星期一,星期一,星期一,,
C_03_072,C_03_072-WEATHER-0M99-442,weather,天氣,天氣,天氣,,
C_03_073,C_03_073-GIRL-0MBJ-443,girl,女仔,女仔,女仔,,
C_03_075,C_03_075-SHOP_1-135N-444,shop_1,買嘢,買嘢,買嘢,,
C_03_076,C_03_076-SECRET-0UEO-445,secret,秘密,秘密,秘密,,
C_03_076,C_03_076-^SECRET_2-0UEO-446,^secret_2,秘密,秘密_2,秘密,,
C_03_077,C_03_077-DRUNK-14C9-447,drunk,醉,醉,醉,,
C_03_078,C_03_078-HAPPY-15CB-448,happy,開心,開心,開心,,
C_03_079,C_03_079-HONOR-0N0A-449,honor,尊重,尊重,尊重,,
C_03_080,C_03_080-FUTURE-0PPA-450,future,未來,未來,未來,,
C_03_081,C_03_081-THROW-0OIK-451,throw,扔,扔,扔,,
C_03_082,C_03_082-MEETING-0PO3-452,meeting,會議,會議,會議,,
C_03_084,C_03_084-SCROLL_DOWN-0U4C-453,scroll_down,碌落去,碌落去,碌落去,,
C_03_085,C_03_085-BEARD-16OD-454,beard,鬍鬚,鬍鬚,鬍鬚,,
C_03_087,C_03_087-SMOKING-0L1O-455,smoking,吸煙,吸煙,吸煙,,
C_03_089,C_03_089-SCHOOL-0MRO-456,school,學校,學校,學校,,
C_03_090,C_03_090-PRAYER-0UA8-457,prayer,祈禱,祈禱,祈禱,,
D_02_050,D_02_050-TIRED-0P9G-458,tired,攰,攰,攰,,
HKSL_lesson_only1,HKSL_lesson_only1-INTRODUCTION-0JMB-459,introduction,介紹,介紹,介紹,,
HKSL_lesson_only10,HKSL_lesson_only10-SIGN_LANGUAGE-0OIB-468,sign_language,手語,手語,手語,,
HKSL_lesson_only100,HKSL_lesson_only100-MOON-0PO8-564,moon,月亮,月亮,月亮,,
HKSL_lesson_only101,HKSL_lesson_only101-STAR-0PGV-565,star,星星,星星,星星,,
HKSL_lesson_only102,HKSL_lesson_only102-WATER-0R1K-566,water,水,水,水,,
HKSL_lesson_only103,HKSL_lesson_only103-STONE-0TVJ-567,stone,石,石,石,,
HKSL_lesson_only104,HKSL_lesson_only104-SOIL-0R75-568,soil,泥土,泥土,泥土,,
HKSL_lesson_only105,HKSL_lesson_only105-HOT-0S4E-569,hot,炎熱,炎熱,炎熱,,
HKSL_lesson_only106,HKSL_lesson_only106-TOUR-0PE5-570,tour,旅遊,旅遊,旅遊,,
HKSL_lesson_only107,HKSL_lesson_only107-BACKPACKING-10FA-571,backpacking,自助旅遊,自助旅遊,背包旅行,,
HKSL_lesson_only107,HKSL_lesson_only107-^BACKPACKING_2-10FA-572,^backpacking_2,自助旅遊,自助旅遊_2,背包旅行,,
HKSL_lesson_only108,HKSL_lesson_only108-MTR (SUBWAY)-0RHF-573,MTR (subway),港鐵,港鐵,港鐵,,
HKSL_lesson_only109,HKSL_lesson_only109-EAST RAIL LINE-0PRH-574,East Rail Line,東鐵,東鐵,東鐵,,
HKSL_lesson_only11,HKSL_lesson_only11-BOLD-10E9-469,bold,臉皮厚,臉皮厚,大膽,,synonym
HKSL_lesson_only110,HKSL_lesson_only110-AIRPLANE-166R-575,airplane,飛機,飛機,飛機,,
HKSL_lesson_only111,HKSL_lesson_only111-HELICOPTER-0TNK-576,helicopter,直升機,直升機,直升機,,
HKSL_lesson_only112,HKSL_lesson_only112-TAXI-0TK4-577,taxi,的士,的士,的士,,
HKSL_lesson_only113,HKSL_lesson_only113-MINIBUS-0N0F-578,minibus,小巴,小巴,小巴,,
HKSL_lesson_only114,HKSL_lesson_only114-BUS-0NFK-579,bus,巴士,巴士,巴士,,
HKSL_lesson_only115,HKSL_lesson_only115-MOTORCYCLE-15NR-580,motorcycle,電單車,電單車,電單車,,
HKSL_lesson_only116,HKSL_lesson_only116-CAR-0UE1-581,car,私家車,私家車,私家車,,
HKSL_lesson_only117,HKSL_lesson_only117-VAN-0MT2-582,van,客貨車,客貨車,客貨車,,
HKSL_lesson_only118,HKSL_lesson_only118-TRAM-15NR-583,tram,電車,電車,電車,,
HKSL_lesson_only119,HKSL_lesson_only119-CRANE-0L0A-584,crane,吊車,吊車,吊車,,
HKSL_lesson_only12,HKSL_lesson_only12-PAY_ATTENTION_TO-0N08-470,pay_attention_to,專心,專心,專心,,
HKSL_lesson_only120,HKSL_lesson_only120-CABLE CAR-0VKS-585,cable car,纜車,纜車,纜車,,
HKSL_lesson_only121,HKSL_lesson_only121-BOAT-10HP-586,boat,船,船,船,,
HKSL_lesson_only122,HKSL_lesson_only122-FERRY-0RH1-587,ferry,渡海小輪,渡海小輪,郵輪,,synonym
HKSL_lesson_only123,HKSL_lesson_only123-OCTOPUS_CARD (TRANSPORTATION CARD)-0KBB-588,Octopus_Card (transportation card),八達通,八達通,八達通,,
HKSL_lesson_only123,HKSL_lesson_only123-^OCTOPUS_CARD2-0KBB-589,^Octopus_Card2,八達通,八達通_2,八達通,,
HKSL_lesson_only124,HKSL_lesson_only124-TICKET-0UB8-590,ticket,票,票,票,,
HKSL_lesson_only125,HKSL_lesson_only125-ORANGE (COLOR)-0QIP-591,orange (color),橙色,橙色,橙色,,
HKSL_lesson_only126,HKSL_lesson_only126-YELLOW-17M3-592,yellow,黃,黃,黃,,
HKSL_lesson_only127,HKSL_lesson_only127-BROWN-0LB1-593,brown,啡色,啡色,棕色,,written chinese
HKSL_lesson_only128,HKSL_lesson_only128-WHITE-0TJT-594,white,白,白,白,,
HKSL_lesson_only129,HKSL_lesson_only129-GRAY-0S3G-595,gray,灰色,灰色,灰色,,
HKSL_lesson_only13,HKSL_lesson_only13-NAME-0MEJ-471,name,姓名,姓名,姓名,,
HKSL_lesson_only13,HKSL_lesson_only13-^NAME2-0MEJ-472,^name2,姓名,姓名_2,姓名,,
HKSL_lesson_only130,HKSL_lesson_only130-BEAUTIFUL-0VSE-596,beautiful,美麗,美麗,美麗,,
HKSL_lesson_only131,HKSL_lesson_only131-CHEAP-0JTV-597,cheap,便宜,便宜,便宜,,
HKSL_lesson_only132,HKSL_lesson_only132-INCREASE-0M4U-598,increase,增加,增加,增加,,
HKSL_lesson_only133,HKSL_lesson_only133-UNHAPPY-0K5N-599,unhappy,傷心,傷心,傷心,,
HKSL_lesson_only134,HKSL_lesson_only134-TIRING-13SR-600,tiring,辛苦,辛苦,辛苦,,
HKSL_lesson_only135,HKSL_lesson_only135-TROUBLESOME-17LR-601,troublesome,麻煩,麻煩,麻煩,,
HKSL_lesson_only136,HKSL_lesson_only136-THICK-0KSQ-602,thick,厚,厚,厚,,
HKSL_lesson_only137,HKSL_lesson_only137-LONG-15BN-603,long,長,長,長,,
HKSL_lesson_only138,HKSL_lesson_only138-SHORT-0TVD-604,short,短,短,短,,
HKSL_lesson_only139,HKSL_lesson_only139-BIG-0M97-605,big,大,大,大,,
HKSL_lesson_only14,HKSL_lesson_only14-ENGLISH-10NH-473,English,英文,英文,英文,,
HKSL_lesson_only140,HKSL_lesson_only140-SMALL-0V9G-606,small,細,細,細,,
HKSL_lesson_only141,HKSL_lesson_only141-SHALLOW-0RFQ-607,shallow,淺,淺,淺,,
HKSL_lesson_only142,HKSL_lesson_only142-FAR-1430-608,far,遠,遠,遠,,
HKSL_lesson_only143,HKSL_lesson_only143-NEAR-13UH-609,near,近,近,近,,
HKSL_lesson_only144,HKSL_lesson_only144-PROGRESS-141I-610,progress,進步,進步,進步,,
HKSL_lesson_only145,HKSL_lesson_only145-FALL_BEHIND-1400-611,fall_behind,退步,退步,退步,,
HKSL_lesson_only146,HKSL_lesson_only146-SKINNY-0TH6-612,skinny,瘦,瘦,瘦,,
HKSL_lesson_only147,HKSL_lesson_only147-SUCCESS-0OGG-613,success,成功,成功,成功,,
HKSL_lesson_only148,HKSL_lesson_only148-FAILURE-0M9H-614,failure,失敗,失敗,失敗,,
HKSL_lesson_only149,HKSL_lesson_only149-LUCKY-0NJO-615,lucky,幸運,幸運,幸運,,
HKSL_lesson_only15,HKSL_lesson_only15-WHAT-0JM0-474,what,什麼/甚麼,什麼/甚麼,什麼,,chose 1st opt
HKSL_lesson_only150,HKSL_lesson_only150-UNLUCKY-0JGD-616,unlucky,不幸,不幸,不幸,,
HKSL_lesson_only151,HKSL_lesson_only151-REFINED_DEMEANOR-0PDF-617,refined_demeanor,斯文,斯文,斯文,,
HKSL_lesson_only152,HKSL_lesson_only152-FULL-167T-618,full,飽,飽,飽,,
HKSL_lesson_only153,HKSL_lesson_only153-DIFFICULT-0LNG-619,difficult,困難,困難,困難,,
HKSL_lesson_only154,HKSL_lesson_only154-EASY-0MTP-620,easy,容易,容易,容易,,
HKSL_lesson_only155,HKSL_lesson_only155-FRIENDLY-0KUB-621,friendly,友好,友好,友好,,
HKSL_lesson_only156,HKSL_lesson_only156-OLD-10GA-622,old,舊,舊,舊,,
HKSL_lesson_only157,HKSL_lesson_only157-SLY-0SN1-623,sly,狡猾,狡猾,狡猾,,
HKSL_lesson_only158,HKSL_lesson_only158-LOYAL-0NV0-624,loyal,忠誠,忠誠,忠誠,,
HKSL_lesson_only159,HKSL_lesson_only159-CLEAN-0JJU-625,clean,乾淨,乾淨,乾淨,,
HKSL_lesson_only16,HKSL_lesson_only16-PASSING_NOTES-0UQ6-475,passing_notes,筆談,筆談,筆談,,
HKSL_lesson_only160,HKSL_lesson_only160-DIRTY-16LF-626,dirty,骯髒,骯髒,骯髒,,
HKSL_lesson_only161,HKSL_lesson_only161-SIGN_NAME-0OIB-627,sign_name,手語名,手語名,手語名,,
HKSL_lesson_only162,HKSL_lesson_only162-TRAIT-0SJP-628,trait,特徵,特徵,特徵,,
HKSL_lesson_only163,HKSL_lesson_only163-DIRECT-0TNK-629,direct,直接,直接,直接,,
HKSL_lesson_only164,HKSL_lesson_only164-SIMPLY-0V11-630,simply,簡潔,簡潔,簡潔,,
HKSL_lesson_only165,HKSL_lesson_only165-FAX-0K5J-631,fax,傳真,傳真,傳真,,
HKSL_lesson_only166,HKSL_lesson_only166-ADDRESS-0LPG-632,address,地址,地址,地址,,
HKSL_lesson_only167,HKSL_lesson_only167-GIVE_ME-0VB6-633,give_me,給我,給我,給我,,
HKSL_lesson_only168,HKSL_lesson_only168-DONT_KNOW-0JGD-634,dont_know,不知道,不知道,不知道,,
HKSL_lesson_only169,HKSL_lesson_only169-DIFFERENT-0JGD-635,different,不同,不同,不同,,
HKSL_lesson_only17,HKSL_lesson_only17-SMS-0TVD-476,SMS,短訊,短訊,短訊,,
HKSL_lesson_only170,HKSL_lesson_only170-MEET-12CB-636,meet,見面,見面,見面,,
HKSL_lesson_only171,HKSL_lesson_only171-INTERACT-0JL4-637,interact,交流,交流,交流,,
HKSL_lesson_only172,HKSL_lesson_only172-WORD-12IU-638,word,詞彙,詞彙,詞彙,,
HKSL_lesson_only173,HKSL_lesson_only173-SENTENCE-0KV5-639,sentence,句子,句子,句子,,
HKSL_lesson_only174,HKSL_lesson_only174-ESSAY-0PC7-640,essay,文章,文章,文章,,
HKSL_lesson_only175,HKSL_lesson_only175-TO_VIDEO-0P8T-641,to_video,攝錄,攝錄,攝錄,,
HKSL_lesson_only176,HKSL_lesson_only176-IMITATE-0QH1-642,imitate,模仿,模仿,模仿,,
HKSL_lesson_only176,HKSL_lesson_only176-^IMITATE_2-0QH1-643,^imitate_2,模仿,模仿_2,模仿,,
HKSL_lesson_only177,HKSL_lesson_only177-OFFICE_ADMIN-0PC7-644,office_admin,文職,文職,文職,,
HKSL_lesson_only178,HKSL_lesson_only178-CIVIL_SERVANT-0KBC-645,civil_servant,公務員,公務員,公務員,,
HKSL_lesson_only179,HKSL_lesson_only179-SOCIAL_WORKER-0U9U-646,social_worker,社工,社工,社工,,
HKSL_lesson_only179,HKSL_lesson_only179-^SOCIAL_WORKER_2-0U9U-647,^social_worker_2,社工,社工_2,社工,,
HKSL_lesson_only18,HKSL_lesson_only18-DONT_HAVE-0R4I-477,dont_have,沒有,沒有,沒有,,
HKSL_lesson_only180,HKSL_lesson_only180-POLICEMAN-12R6-648,policeman,警察,警察,警察,,
HKSL_lesson_only181,HKSL_lesson_only181-PLAIN_CLOTHES_POLICEMAN-0JTV-649,plain_clothes_policeman,便衣警探,便衣警探,便衣警探,,undercover police?
HKSL_lesson_only182,HKSL_lesson_only182-DOCTOR-14DB-650,doctor,醫生,醫生,醫生,,
HKSL_lesson_only183,HKSL_lesson_only183-ADMINISTRATIVE_ASSISTANT-0UEO-651,administrative_assistant,秘書,秘書,秘書,,
HKSL_lesson_only184,HKSL_lesson_only184-ACCOUNTING-0PO3-652,accounting,會計,會計,會計,,
HKSL_lesson_only185,HKSL_lesson_only185-BUSINESS-0T8V-653,business,生意,生意,生意,,
HKSL_lesson_only186,HKSL_lesson_only186-COMPUTER-15NR-654,computer,電腦,電腦,電腦,,
HKSL_lesson_only187,HKSL_lesson_only187-TO_DESIGN-12HD-655,to_design,設計,設計,設計,,
HKSL_lesson_only188,HKSL_lesson_only188-TYPESETTING-0OSI-656,typesetting,排版,排版,排版,,
HKSL_lesson_only189,HKSL_lesson_only189-PHOTOCOPY-0NRH-657,photocopy,影印,影印,影印,,
HKSL_lesson_only19,HKSL_lesson_only19-REMEMBER-12GO-478,remember,記得,記得,記得,,
HKSL_lesson_only190,HKSL_lesson_only190-CLEANER-0RG5-658,cleaner,清潔,清潔,清潔,,
HKSL_lesson_only191,HKSL_lesson_only191-ENGINEER-0NF5-660,engineer,工程師,工程師,工程師,,
HKSL_lesson_only191,HKSL_lesson_only191-INSURANCE-0JUT-659,insurance,保險,保險,保險,,
HKSL_lesson_only192,HKSL_lesson_only192-^ENGINEER_2-0NF5-661,^engineer_2,工程師,工程師_2,工程師,,
HKSL_lesson_only193,HKSL_lesson_only193-FIREFIGHTER-0RC8-662,firefighter,消防員,消防員,消防員,,
HKSL_lesson_only194,HKSL_lesson_only194-SALESPERSON-0L9E-663,salesperson,售貨員,售貨員,售貨員,,
HKSL_lesson_only195,HKSL_lesson_only195-MAILMAN-147L-664,mailman,郵差,郵差,郵差,,
HKSL_lesson_only196,HKSL_lesson_only196-LOGISTICS-0P1C-665,logistics,搬運,搬運,搬運,,
HKSL_lesson_only197,HKSL_lesson_only197-EXPRESS_DELIVERY-140V-666,express_delivery,速遞,速遞,速遞,,
HKSL_lesson_only197,HKSL_lesson_only197-EXPRESS_DELIVERY-140V-981,express_delivery,速遞,速遞,速遞,,
HKSL_lesson_only198,HKSL_lesson_only198-LAWYER-0NSB-667,lawyer,律師,律師,律師,,
HKSL_lesson_only199,HKSL_lesson_only199-BANK-14K0-668,bank,銀行,銀行,銀行,,
HKSL_lesson_only2,HKSL_lesson_only2-MYSELF-10FA-460,myself,自己,自己,自己,,
HKSL_lesson_only20,HKSL_lesson_only20-CAN-0KVF-479,can,可以,可以,可以,,
HKSL_lesson_only200,HKSL_lesson_only200-FACTORY-0NF5-669,factory,工廠,工廠,工廠,,
HKSL_lesson_only201,HKSL_lesson_only201-LABOR_DEPARTMENT-0KMU-670,Labor_Department,勞工處,勞工處,勞工處,,
HKSL_lesson_only202,HKSL_lesson_only202-SOCIAL_WELFARE_DEPARTMENT-0U9U-671,Social_Welfare_Department,社會福利署,社會福利署,社會福利署,,
HKSL_lesson_only203,HKSL_lesson_only203-ALWAYS-0VCJ-672,always,經常,經常,經常,,
HKSL_lesson_only204,HKSL_lesson_only204-SOMETIMES-15CJ-673,sometimes,間中,間中,間中,,
HKSL_lesson_only205,HKSL_lesson_only205-RESCHEDULE-0P9P-674,reschedule,改期,改期,改期,,
HKSL_lesson_only206,HKSL_lesson_only206-DELAY-0OMM-675,delay,拖延,拖延,拖延,,
HKSL_lesson_only207,HKSL_lesson_only207-LATE_NIGHT-0RFH-676,late_night,深夜,深夜,深夜,,
HKSL_lesson_only208,HKSL_lesson_only208-FIRST_DAY_LUNAR_NEW_YEAR-0NJK-677,first_day_Lunar_New_Year,年初一,年初一,年初一,,
HKSL_lesson_only209,HKSL_lesson_only209-^BEFORE2-0JN5-679,^before2,以前,以前,以前,,
HKSL_lesson_only209,HKSL_lesson_only209-BEFORE-0JIB-678,before,之前,之前,之前,,
HKSL_lesson_only21,HKSL_lesson_only21-CANNOT-0JGD-480,cannot,不能,不能,不能,,
HKSL_lesson_only210,HKSL_lesson_only210-PLAN-0MS9-680,plan,安排,安排,安排,,
HKSL_lesson_only211,HKSL_lesson_only211-INITIALLY-0PO0-681,initially,最初,最初,最初,,
HKSL_lesson_only212,HKSL_lesson_only212-FINALLY-0PO0-682,finally,最後,最後,最後,,
HKSL_lesson_only213,HKSL_lesson_only213-UNTIL-0TNK-683,until,直到,直到,直到,,
HKSL_lesson_only214,HKSL_lesson_only214-GO_ON-0VJS-684,go_on,繼續,繼續,繼續,,
HKSL_lesson_only215,HKSL_lesson_only215-ON_TIME-0RKM-685,on_time,準時,準時,準時,,
HKSL_lesson_only216,HKSL_lesson_only216-RESERVE_A_COURT-12G2-686,reserve_a_court,訂場,訂場,訂場,,
HKSL_lesson_only217,HKSL_lesson_only217-AHEAD_OF_TIME-0OUG-687,ahead_of_time,提早,提早,提早,,
HKSL_lesson_only218,HKSL_lesson_only218-IMMEDIATELY-0UMB-688,immediately,立即,立即,立即,,
HKSL_lesson_only219,HKSL_lesson_only219-FIRST_TIME-0UPC-689,first_time,第一次,第一次,第一次,,
HKSL_lesson_only22,HKSL_lesson_only22-REST-0JOH-481,rest,休息,休息,休息,,
HKSL_lesson_only220,HKSL_lesson_only220-TWICE-0KB9-690,twice,兩次,兩次,兩次,,
HKSL_lesson_only221,HKSL_lesson_only221-MANY_TIMES-0MBT-691,many_times,好多次,好多次,多次,,
HKSL_lesson_only222,HKSL_lesson_only222-RECENTLY-0PO0-692,recently,最近,最近,最近,,
HKSL_lesson_only223,HKSL_lesson_only223-COMPETITION-0QUK-693,competition,比賽,比賽,比賽,,
HKSL_lesson_only224,HKSL_lesson_only224-PARTICIPATE-0KU3-694,participate,參加,參加,參加,,
HKSL_lesson_only225,HKSL_lesson_only225-GOOD_AT-0V5U-695,good_at,精於,精於,精於,,
HKSL_lesson_only226,HKSL_lesson_only226-GET_TOGETHER-15M6-696,get_together,集合,集合,集合,,
HKSL_lesson_only227,HKSL_lesson_only227-SCATTER-12F3-697,scatter,解散,解散,解散,,
HKSL_lesson_only228,HKSL_lesson_only228-WELL_BEHAVED-0JIM-698,well_behaved,乖,乖,乖,,
HKSL_lesson_only229,HKSL_lesson_only229-NAUGHTY-160H-699,naughty,頑皮,頑皮,頑皮,,
HKSL_lesson_only23,HKSL_lesson_only23-WC-0NM1-482,WC,廁所,廁所,廁所,,
HKSL_lesson_only23,HKSL_lesson_only23-^WC2-0NM1-483,^WC2,廁所,廁所_2,廁所,,
HKSL_lesson_only230,HKSL_lesson_only230-KINDERGARTEN-0NJS-700,kindergarten,幼稚園,幼稚園,幼稚園,,
HKSL_lesson_only230,HKSL_lesson_only230-^KINDERGARTEN2-0NJS-701,^kindergarten2,幼稚園,幼稚園_2,幼稚園,,
HKSL_lesson_only231,HKSL_lesson_only231-PRIMARY_SCHOOL-0N0F-702,primary_school,小學,小學,小學,,
HKSL_lesson_only232,HKSL_lesson_only232-COMMUNITY_COLLEGE-0M97-703,community_college,大專,大專,大專,,
HKSL_lesson_only233,HKSL_lesson_only233-YEAR_1-0JG0-704,year_1,一年級,一年級,一年級,,
HKSL_lesson_only234,HKSL_lesson_only234-FORM2_SCHOOL-0JHD-705,form2_school,中二,中二,中二,,
HKSL_lesson_only235,HKSL_lesson_only235-STUDY-0MRO-706,study,學習,學習,學習,,
HKSL_lesson_only236,HKSL_lesson_only236-TEST-0RHC-707,test,測驗/考試,測驗/考試,考試,,chose 1st opt
HKSL_lesson_only237,HKSL_lesson_only237-DIPLOMA-0PC7-708,diploma,文憑,文憑,文憑,,
HKSL_lesson_only238,HKSL_lesson_only238-PROFESSIONAL-0N08-710,professional,專業,專業,專業,,
HKSL_lesson_only239,HKSL_lesson_only239-TRAINING-12GJ-711,training,訓練/培訓,訓練/培訓,訓練,,chose 2nd opt
HKSL_lesson_only24,HKSL_lesson_only24-TEACH-0PAP-484,teach,教,教,教,,
HKSL_lesson_only240,HKSL_lesson_only240-TIE_GAME-0OIJ-712,tie_game,打和,打和,平手,,written chinese
HKSL_lesson_only241,HKSL_lesson_only241-GIVE_UP-0P9U-713,give_up,放棄,放棄,放棄,,
HKSL_lesson_only242,HKSL_lesson_only242-MATH-0PBO-714,math,數學,數學,數學,,
HKSL_lesson_only243,HKSL_lesson_only243-SCIENCE-0UEH-715,science,科學,科學,科學,,
HKSL_lesson_only244,HKSL_lesson_only244-HISTORY-0QRN-716,history,歷史,歷史,歷史,,
HKSL_lesson_only245,HKSL_lesson_only245-PHYSICAL_EDUCATION-16MK-717,physical_education,體育,體育,體育,,
HKSL_lesson_only246,HKSL_lesson_only246-MUSIC-15VJ-718,music,音樂,音樂,音樂,,
HKSL_lesson_only247,HKSL_lesson_only247-PERFORM-1238-719,perform,表演,表演,表演,,
HKSL_lesson_only248,HKSL_lesson_only248-BACHELOR_DEGREE-0MRO-720,bachelor_degree,學士,學士,學士,,
HKSL_lesson_only249,HKSL_lesson_only249-MASTER_DEGREE-0U59-721,master_degree,碩士,碩士,碩士,,
HKSL_lesson_only25,HKSL_lesson_only25-FORGET-0NUO-485,forget,忘記,忘記,忘記,,
HKSL_lesson_only250,HKSL_lesson_only250-DOCTORAL_DEGREE-0KQQ-722,doctoral_degree,博士,博士,博士,,
HKSL_lesson_only251,HKSL_lesson_only251-SKILL-0OK0-723,skill,技術,技術,技術,,
HKSL_lesson_only252,HKSL_lesson_only252-REBEL-0KUD-724,rebel,反叛,反叛,反叛,,
HKSL_lesson_only253,HKSL_lesson_only253-IGNORANCE-0S91-725,ignorance,無知,無知,無知,,
HKSL_lesson_only254,HKSL_lesson_only254-FIRST_PLACE-0UPC-726,first_place,第一名,第一名,第一名,,
HKSL_lesson_only255,HKSL_lesson_only255-FAMOUS-0KFQ-727,famous,出名,出名,出名,,
HKSL_lesson_only255,HKSL_lesson_only255-^FAMOUS_2-0KFQ-728,^famous_2,出名,出名_2,出名,,
HKSL_lesson_only256,HKSL_lesson_only256-VEGETABLES-10US-729,vegetables,菜,菜,菜,,
HKSL_lesson_only257,HKSL_lesson_only257-MELON-0T6S-730,melon,瓜,瓜,瓜,,
HKSL_lesson_only258,HKSL_lesson_only258-MEAT-1049-731,meat,肉,肉,肉,,
HKSL_lesson_only259,HKSL_lesson_only259-SKIN-0TLE-732,skin,皮,皮,皮,,
HKSL_lesson_only26,HKSL_lesson_only26-FRIEND-0POB-486,friend,朋友,朋友,朋友,,
HKSL_lesson_only260,HKSL_lesson_only260-SWEET-0T8S-733,sweet,甜,甜,甜,,
HKSL_lesson_only261,HKSL_lesson_only261-SOUR-14BO-734,sour,酸,酸,酸,,
HKSL_lesson_only262,HKSL_lesson_only262-BITTER-10N6-735,bitter,苦,苦,苦,,
HKSL_lesson_only263,HKSL_lesson_only263-SPICY-13T3-736,spicy,辣,辣,辣,,
HKSL_lesson_only264,HKSL_lesson_only264-SALTY-17JP-737,salty,鹹,鹹,鹹,,
HKSL_lesson_only265,HKSL_lesson_only265-OIL-0R5P-738,oil,油,油,油,,
HKSL_lesson_only266,HKSL_lesson_only266-FRAGRANT-16CP-739,fragrant,香,香,香,,
HKSL_lesson_only267,HKSL_lesson_only267-STINKY-10FD-740,stinky,臭,臭,臭,,
HKSL_lesson_only268,HKSL_lesson_only268-RICE-167F-741,rice,飯,飯,飯,,
HKSL_lesson_only269,HKSL_lesson_only269-NOODLE-17LL-742,noodle,麵,麵,麵,,
HKSL_lesson_only27,HKSL_lesson_only27-DATING-0OMD-487,dating,拍拖,拍拖,拍拖,,
HKSL_lesson_only270,HKSL_lesson_only270-CONGEE-0V55-743,congee,粥,粥,粥,,
HKSL_lesson_only271,HKSL_lesson_only271-BREAD-17LL-744,bread,麵包,麵包,麵包,,
HKSL_lesson_only272,HKSL_lesson_only272-SANDWICH-0JG9-745,sandwich,三文治,三文治,三文治,,
HKSL_lesson_only272,HKSL_lesson_only272-^SANDWICH_2-0JG9-746,^sandwich_2,三文治,三文治_2,三文治,,
HKSL_lesson_only273,HKSL_lesson_only273-EGG-11MB-747,egg,蛋,蛋,蛋,,
HKSL_lesson_only274,HKSL_lesson_only274-TASTES_BAD-0JGD-748,tastes_bad,不好味,不好味,不好吃,,written chinese
HKSL_lesson_only275,HKSL_lesson_only275-SOUP-0RJF-749,soup,湯,湯,湯,,
HKSL_lesson_only276,HKSL_lesson_only276-THIRSTY-0RHK-750,thirsty,渴,渴,渴,,
HKSL_lesson_only277,HKSL_lesson_only277-SODA-0R3T-751,soda,汽水,汽水,汽水,,
HKSL_lesson_only278,HKSL_lesson_only278-ALCOHOL-14AI-752,alcohol,酒,酒,酒,,
HKSL_lesson_only279,HKSL_lesson_only279-MILK_TEA-0MBM-753,milk_tea,奶茶,奶茶,奶茶,,
HKSL_lesson_only28,HKSL_lesson_only28-MARRIAGE-0VAG-488,marriage,結婚,結婚,結婚,,
HKSL_lesson_only280,HKSL_lesson_only280-COFFEE-0L4M-754,coffee,咖啡,咖啡,咖啡,,
HKSL_lesson_only281,HKSL_lesson_only281-RESTAURANT-168G-755,restaurant,餐廳,餐廳,餐廳,,
HKSL_lesson_only282,HKSL_lesson_only282-CHINESE_RESTAURANT-14AI-756,chinese_restaurant,酒樓,酒樓,酒樓,,
HKSL_lesson_only283,HKSL_lesson_only283-DAI_PAI_DONG-0M97-757,dai_pai_dong,大排檔,大排檔,大排檔,,
HKSL_lesson_only284,HKSL_lesson_only284-BANANA-16CP-758,banana,香蕉,香蕉,香蕉,,
HKSL_lesson_only285,HKSL_lesson_only285-APPLE-11GB-759,apple,蘋果,蘋果,蘋果,,
HKSL_lesson_only286,HKSL_lesson_only286-PEAR-0Q58-760,pear,梨,梨,梨,,
HKSL_lesson_only287,HKSL_lesson_only287-WATERMELON-12BV-761,watermelon,西瓜,西瓜,西瓜,,
HKSL_lesson_only288,HKSL_lesson_only288-CHICKEN-15MU-762,chicken,雞,雞,雞,,
HKSL_lesson_only289,HKSL_lesson_only289-DUCK-1798-763,duck,鴨,鴨,鴨,,
HKSL_lesson_only29,HKSL_lesson_only29-BIRTH-0KFQ-489,birth,出生,出生,出生,,
HKSL_lesson_only290,HKSL_lesson_only290-GOOSE-17AT-764,goose,鵝,鵝,鵝,,
HKSL_lesson_only291,HKSL_lesson_only291-FISH-16QQ-765,fish,魚,魚,魚,,
HKSL_lesson_only292,HKSL_lesson_only292-SHRIMP-11R6-766,shrimp,蝦,蝦,蝦,,
HKSL_lesson_only293,HKSL_lesson_only293-CRAB-11VP-767,crab,蟹,蟹,蟹,,
HKSL_lesson_only293,HKSL_lesson_only293-CRAB_2-11VP-768,crab_2,蟹,蟹_2,蟹,,
HKSL_lesson_only294,HKSL_lesson_only294-CLAM-11O6-769,clam,蜆,蜆,蜆,,
HKSL_lesson_only295,HKSL_lesson_only295-COW-0SIR-770,cow,牛,牛,牛,,
HKSL_lesson_only296,HKSL_lesson_only296-PIG-133C-771,pig,豬,豬,豬,,
HKSL_lesson_only297,HKSL_lesson_only297-SHEEP-0VSA-772,sheep,羊,羊,羊,,
HKSL_lesson_only298,HKSL_lesson_only298-SNAKE-11M7-773,snake,蛇,蛇,蛇,,
HKSL_lesson_only299,HKSL_lesson_only299-MONKEY-0SPK-774,monkey,猴,猴,猴,,
HKSL_lesson_only3,HKSL_lesson_only3-HELLO-0JR0-461,hello,你好,你好,你好,,
HKSL_lesson_only30,HKSL_lesson_only30-BABY-0MPG-490,baby,嬰兒,嬰兒,嬰兒,,
HKSL_lesson_only30,HKSL_lesson_only30-^BABY2-0MPG-491,^baby2,嬰兒,嬰兒_2,嬰兒,,
HKSL_lesson_only30,HKSL_lesson_only30-^BABY3-0MPG-492,^baby3,嬰兒,嬰兒_3,嬰兒,,
HKSL_lesson_only300,HKSL_lesson_only300-DOG-0SMN-775,dog,狗,狗,狗,,
HKSL_lesson_only301,HKSL_lesson_only301-HORSE-16DC-776,horse,馬,馬,馬,,
HKSL_lesson_only302,HKSL_lesson_only302-LION-0SQ5-777,lion,獅子,獅子,獅子,,
HKSL_lesson_only303,HKSL_lesson_only303-TIGER-11IE-778,tiger,虎,虎,虎,,
HKSL_lesson_only304,HKSL_lesson_only304-MOUSE-17P0-779,mouse,鼠,鼠,鼠,,
HKSL_lesson_only305,HKSL_lesson_only305-DRAGON-17SD-780,dragon,龍,龍,龍,,
HKSL_lesson_only306,HKSL_lesson_only306-PATIENT-100G-781,patient,耐性,耐性,耐性,,
HKSL_lesson_only307,HKSL_lesson_only307-CONSERVATIVE-0JUT-782,conservative,保守,保守,保守,,
HKSL_lesson_only308,HKSL_lesson_only308-HELP-0NJB-783,help,幫助,幫助,幫助,,
HKSL_lesson_only309,HKSL_lesson_only309-ENTHUSIASTIC-0SDH-784,enthusiastic,熱心,熱心,熱心,,
HKSL_lesson_only31,HKSL_lesson_only31-GROW_UP-0OGG-493,grow_up,成長,成長,成長,,
HKSL_lesson_only310,HKSL_lesson_only310-FACE-15R2-785,face,面子,面子,面子,,
HKSL_lesson_only311,HKSL_lesson_only311-UNRELIABLE-0KRO-786,unreliable,卸責,卸責,卸責,,
HKSL_lesson_only312,HKSL_lesson_only312-CLEVER-103G-787,clever,聰明,聰明,聰明,,
HKSL_lesson_only313,HKSL_lesson_only313-DISLIKE-12GE-788,dislike,討厭,討厭,討厭,,
HKSL_lesson_only314,HKSL_lesson_only314-CHERISH-0O8R-789,cherish,愛惜,愛惜,愛惜,,
HKSL_lesson_only315,HKSL_lesson_only315-CREATIVE-0KJL-790,creative,創作力,創作力,創作力,,
HKSL_lesson_only316,HKSL_lesson_only316-CONFUSED-0V6A-791,confused,糊塗,糊塗,糊塗,,
HKSL_lesson_only317,HKSL_lesson_only317-EXCITED-10G8-792,excited,興奮,興奮,興奮,,
HKSL_lesson_only318,HKSL_lesson_only318-PERSISTENT-0M05-793,persistent,堅持,堅持,堅持,,
HKSL_lesson_only319,HKSL_lesson_only319-HUMBLE-0N28-794,humble,屈就,屈就,屈就,,
HKSL_lesson_only32,HKSL_lesson_only32-TEENAGE-15QI-494,teenage,青年,青年,青年,,
HKSL_lesson_only320,HKSL_lesson_only320-TOLERANT-0NUD-795,tolerant,忍讓,忍讓,忍讓,,
HKSL_lesson_only321,HKSL_lesson_only321-JUSTICE-0KBC-796,justice,公正,公正,公正,,
HKSL_lesson_only322,HKSL_lesson_only322-PERFECT-0MSC-797,perfect,完美,完美,完美,,
HKSL_lesson_only323,HKSL_lesson_only323-BROWN_NOSE-0OMD-798,brown_nose,拍馬屁,拍馬屁,拍馬屁,,
HKSL_lesson_only324,HKSL_lesson_only324-BULLY-0QPQ-799,bully,欺侮,欺侮,欺侮,,
HKSL_lesson_only325,HKSL_lesson_only325-RELY-0JST-800,rely,依靠,依靠,依靠,,
HKSL_lesson_only326,HKSL_lesson_only326-FEROCIOUS-0KA7-801,ferocious,兇惡,兇惡,兇惡,,
HKSL_lesson_only327,HKSL_lesson_only327-NERVOUS-0VEA-802,nervous,緊張,緊張,緊張,,
HKSL_lesson_only328,HKSL_lesson_only328-KIND-0LC4-803,kind,善良,善良,善良,,
HKSL_lesson_only329,HKSL_lesson_only329-WICKED-17MH-804,wicked,黑心,黑心,黑心,,
HKSL_lesson_only33,HKSL_lesson_only33-ADULT-0OGG-495,adult,成人,成人,成人,,
HKSL_lesson_only330,HKSL_lesson_only330-MAKE_FUN-0KUM-805,make_fun,取笑,取笑,取笑,,
HKSL_lesson_only331,HKSL_lesson_only331-SLANDER-0JHD-806,slander,中傷,中傷,中傷,,
HKSL_lesson_only332,HKSL_lesson_only332-FAKE-11IR-807,fake,虛偽,虛偽,虛偽,,
HKSL_lesson_only333,HKSL_lesson_only333-SELFISH-10FA-808,selfish,自私,自私,自私,,
HKSL_lesson_only334,HKSL_lesson_only334-SUPPORT-0P9F-809,support,支持,支持,支持,,
HKSL_lesson_only335,HKSL_lesson_only335-VERNACULAR_SIGN-10FA-810,vernacular_sign,自然手語,自然手語,自然手語,,
HKSL_lesson_only336,HKSL_lesson_only336-TRANSLATE-0VVR-811,translate,翻譯,翻譯,翻譯,,
HKSL_lesson_only337,HKSL_lesson_only337-LIP-READ-0L87-812,lip-read,唇讀,唇讀,讀唇,,reverse
HKSL_lesson_only338,HKSL_lesson_only338-SOUND-103I-813,sound,聲音,聲音,聲音,,
HKSL_lesson_only339,HKSL_lesson_only339-INAUDIBLE-103T-814,inaudible,聽不到,聽不到,聽不到,,
HKSL_lesson_only34,HKSL_lesson_only34-ELDER-0NJK-496,elder,年老,年老,年老,,
HKSL_lesson_only340,HKSL_lesson_only340-PRONOUNCE-0TJS-815,pronounce,發音,發音,發音,,
HKSL_lesson_only341,HKSL_lesson_only341-SPEAK-12LA-816,speak,說話,說話,說話,,
HKSL_lesson_only342,HKSL_lesson_only342-EMOTIONS-1238-817,emotions,表情,表情,表情,,
HKSL_lesson_only343,HKSL_lesson_only343-SMOOTH-0RA1-818,smooth,流暢,流暢,流暢,,
HKSL_lesson_only344,HKSL_lesson_only344-IMPACT-0NRH-819,impact,影響,影響,影響,,
HKSL_lesson_only345,HKSL_lesson_only345-CLEAR-0RG5-820,clear,清楚,清楚,清楚,,
HKSL_lesson_only346,HKSL_lesson_only346-COMFORTABLE-10GI-821,comfortable,舒服,舒服,舒服,,
HKSL_lesson_only347,HKSL_lesson_only347-FUZZY-0TU7-822,fuzzy,矇查查,矇查查,,,不清楚?
HKSL_lesson_only348,HKSL_lesson_only348-ACTIVE-0JHR-823,active,主動,主動,主動,,
HKSL_lesson_only349,HKSL_lesson_only349-PASSIVE-125B-824,passive,被動,被動,被動,,
HKSL_lesson_only35,HKSL_lesson_only35-SIBLING-0KA4-497,sibling,兄弟姐妹,兄弟姐妹,兄弟姐妹,,
HKSL_lesson_only350,HKSL_lesson_only350-DIFFERENCE-0NFE-825,difference,差異,差異,差異,,
HKSL_lesson_only351,HKSL_lesson_only351-SUPERFICIAL-1238-826,superficial,表面,表面,表面,,
HKSL_lesson_only352,HKSL_lesson_only352-SUBSTANTIAL-0KB7-827,substantial,內涵,內涵,內涵,,
HKSL_lesson_only353,HKSL_lesson_only353-APPROPRIATE-1439-828,appropriate,適合,適合,適合,,
HKSL_lesson_only354,HKSL_lesson_only354-CHANGE-0P9P-829,change,改變,改變,改變,,
HKSL_lesson_only355,HKSL_lesson_only355-EMPLOY-0OMR-830,employ,招聘/聘用,招聘/聘用,招聘,,chose 1st opt
HKSL_lesson_only356,HKSL_lesson_only356-INTERVIEW-15R2-831,interview,面試,面試,面試,,
HKSL_lesson_only357,HKSL_lesson_only357-INFORMATION-1367-832,information,資料,資料,資料,,
HKSL_lesson_only358,HKSL_lesson_only358-CONTRACT-0L08-833,contract,合約,合約,合約,,
HKSL_lesson_only359,HKSL_lesson_only359-INCOME-0P9M-834,income,收入,收入,收入,,
HKSL_lesson_only36,HKSL_lesson_only36-RELATIVE-12DA-498,relative,親戚,親戚,親戚,,
HKSL_lesson_only360,HKSL_lesson_only360-WELFARE-0UCF-835,welfare,福利,福利,福利,,
HKSL_lesson_only361,HKSL_lesson_only361-ANNUAL_LEAVE-0NJK-836,annual_leave,年假,年假,年假,,
HKSL_lesson_only362,HKSL_lesson_only362-LEAVE_OF_ABSENCE-0JKB-837,leave_of_absence,事假,事假,事假,,
HKSL_lesson_only363,HKSL_lesson_only363-SICK_LEAVE-0TE5-838,sick_leave,病假,病假,病假,,
HKSL_lesson_only364,HKSL_lesson_only364-TAKE_LEAVE-12MB-839,take_leave,請假,請假,請假,,
HKSL_lesson_only365,HKSL_lesson_only365-MANDATORY_PROVIDENT_FUND-0NPN-840,mandatory_provident_fund,強積金,強積金,強積金,,
HKSL_lesson_only366,HKSL_lesson_only366-PAY_SALARY-0KFQ-841,pay_salary,出糧,出糧,出糧,,
HKSL_lesson_only367,HKSL_lesson_only367-SUBSIDY-0R95-842,subsidy,津貼,津貼,津貼,,
HKSL_lesson_only368,HKSL_lesson_only368-BONUS-10LH-843,bonus,花紅,花紅,花紅,,
HKSL_lesson_only369,HKSL_lesson_only369-END_OF_YEAR_BONUS-15MP-844,end_of_year_bonus,雙糧,雙糧,雙糧,,
HKSL_lesson_only37,HKSL_lesson_only37-TEACHER-1001-499,teacher,老師,老師,老師,,
HKSL_lesson_only370,HKSL_lesson_only370-COMMISSION-0JR3-845,commission,佣金,佣金,佣金,,
HKSL_lesson_only371,HKSL_lesson_only371-TRAVEL_ALLOWANCE-0JL4-846,travel_allowance,交通津貼,交通津貼,交通津貼,,
HKSL_lesson_only372,HKSL_lesson_only372-MEAL_ALLOWANCE-10DJ-847,meal_allowance,膳食津貼,膳食津貼,膳食津貼,,
HKSL_lesson_only373,HKSL_lesson_only373-DENTAL-0SIP-848,dental,牙科,牙科,牙科,,
HKSL_lesson_only374,HKSL_lesson_only374-HEALTHCARE-14DB-849,healthcare,醫療,醫療,醫療,,
HKSL_lesson_only375,HKSL_lesson_only375-PUTONGHUA-0PJE-850,putonghua,普通話,普通話,普通話,,
HKSL_lesson_only376,HKSL_lesson_only376-CANTONESE-0V5L-851,cantonese,粵語,粵語,粵語,,
HKSL_lesson_only377,HKSL_lesson_only377-SHIFT_WORK-13PA-852,shift_work,輪班,輪班,輪班,,
HKSL_lesson_only378,HKSL_lesson_only378-DAY_OFF_ROTATION-13PA-853,day_off_rotation,輪休,輪休,輪休,,
HKSL_lesson_only379,HKSL_lesson_only379-EXPERIENCE-0VCJ-854,experience,經驗,經驗,經驗,,
HKSL_lesson_only38,HKSL_lesson_only38-STUDENT-0MRO-500,student,學生,學生,學生,,
HKSL_lesson_only380,HKSL_lesson_only380-OPPORTUNITY-0QIV-855,opportunity,機會,機會,機會,,
HKSL_lesson_only381,HKSL_lesson_only381-COLLABORATION-0L08-856,collaboration,合作,合作,合作,,
HKSL_lesson_only382,HKSL_lesson_only382-BREAK_CONTRACT-0QU0-857,break_contract,毀約,毀約,毀約,,
HKSL_lesson_only383,HKSL_lesson_only383-RESIGN-13TD-858,resign,辭職,辭職,辭職,,
HKSL_lesson_only384,HKSL_lesson_only384-DISMISS-12F3-859,dismiss,解僱,解僱,解僱,,
HKSL_lesson_only384,HKSL_lesson_only384-^DISMISS_2-12F3-860,^dismiss_2,解僱,解僱_2,解僱,,
HKSL_lesson_only385,HKSL_lesson_only385-RETIRE-1400-861,retire,退休,退休,退休,,
HKSL_lesson_only386,HKSL_lesson_only386-SEND_LETTER-0MU4-862,send_letter,寄信,寄信,寄信,,
HKSL_lesson_only387,HKSL_lesson_only387-PRESSURE-0M6J-863,pressure,壓力,壓力,壓力,,
HKSL_lesson_only388,HKSL_lesson_only388-OVERTIME-0KL0-864,overtime,加班,加班,加班,,
HKSL_lesson_only389,HKSL_lesson_only389-SELECTIVE_PLACEMENT_DIVISION-0N2L-865,Selective_Placement_Division,展能就業科,展能就業科,展能就業科,,
HKSL_lesson_only39,HKSL_lesson_only39-CLASSMATE-0L0C-501,classmate,同學,同學,同學,,
HKSL_lesson_only390,HKSL_lesson_only390-ESTABLISH-0OGG-866,establish,成立,成立,成立,,
HKSL_lesson_only391,HKSL_lesson_only391-CLOSE_DOWN-0K0I-867,close_down,倒閉,倒閉,倒閉,,
HKSL_lesson_only392,HKSL_lesson_only392-STILL-0JMD-868,still,仍然/依然,仍然/依然,仍然,,chose 1st opt
HKSL_lesson_only393,HKSL_lesson_only393-USED_TO_BE-0PPC-869,used_to_be,本來,本來,本來,,
HKSL_lesson_only394,HKSL_lesson_only394-BUT-0JQ6-870,but,但是,但是,但是,,
HKSL_lesson_only395,HKSL_lesson_only395-WANT-0O7J-871,want,想,想,想,,
HKSL_lesson_only396,HKSL_lesson_only396-TIME-0KA9-872,time,光陰,光陰,光陰,,
HKSL_lesson_only397,HKSL_lesson_only397-AN_INSTANT-0NQ8-873,an_instant,彈指間,彈指間,瞬間,,synonym
HKSL_lesson_only398,HKSL_lesson_only398-SUDDENLY-0NVT-874,suddenly,忽然,忽然,忽然,,
HKSL_lesson_only399,HKSL_lesson_only399-TEMPORARILY-0PLB-875,temporarily,暫時,暫時,暫時,,
HKSL_lesson_only4,HKSL_lesson_only4-DEAF-103U-462,deaf,聾人,聾人,聾人,,
HKSL_lesson_only40,HKSL_lesson_only40-COLLEAGUE-0L0C-502,colleague,同事,同事,同事,,
HKSL_lesson_only400,HKSL_lesson_only400-NEXT_TIME-0JGB-876,next_time,下次,下次,下次,,
HKSL_lesson_only401,HKSL_lesson_only401-FOREVER-0R1O-877,forever,永遠,永遠,永遠,,
HKSL_lesson_only402,HKSL_lesson_only402-FOR_A_LONG_TIME-0NS8-878,for_a_long_time,很久,很久,很久,,
HKSL_lesson_only403,HKSL_lesson_only403-DUSK-17M3-879,dusk,黃昏,黃昏,黃昏,,
HKSL_lesson_only404,HKSL_lesson_only404-DAWN-0RG5-880,dawn,清晨,清晨,清晨,,
HKSL_lesson_only405,HKSL_lesson_only405-DATE-0V84-881,date,約會,約會,約會,,
HKSL_lesson_only406,HKSL_lesson_only406-BEST_FRIENDS-0QRR-882,best_friends,死黨,死黨,死黨,,
HKSL_lesson_only407,HKSL_lesson_only407-CHILDHOOD-0N0F-883,childhood,小時候,小時候,小時候,,
HKSL_lesson_only408,HKSL_lesson_only408-EXCHANGE-0JL4-884,exchange,交換,交換,交換,,
HKSL_lesson_only409,HKSL_lesson_only409-CONTACT-103F-885,contact,聯絡,聯絡,聯絡,,
HKSL_lesson_only41,HKSL_lesson_only41-NOT_YET-0N0Q-503,not_yet,尚未,尚未,尚未,,
HKSL_lesson_only410,HKSL_lesson_only410-SQUARE-0PDP-886,square,方,方,方,,
HKSL_lesson_only411,HKSL_lesson_only411-ROUND-0LOJ-887,round,圓,圓,圓,,
HKSL_lesson_only412,HKSL_lesson_only412-CURVED-0NQE-888,curved,彎,彎,彎,,
HKSL_lesson_only413,HKSL_lesson_only413-STRAIGHT-0TNK-889,straight,直,直,直,,
HKSL_lesson_only414,HKSL_lesson_only414-WIDE-15EA-890,wide,闊,闊,闊,,
HKSL_lesson_only415,HKSL_lesson_only415-NARROW-0UK4-891,narrow,窄,窄,窄,,
HKSL_lesson_only416,HKSL_lesson_only416-ABOVE-0JGA-892,above,上,上,上,,
HKSL_lesson_only417,HKSL_lesson_only417-BENEATH-0JGB-893,beneath,下,下,下,,
HKSL_lesson_only418,HKSL_lesson_only418-LEFT-0NF6-894,left,左,左,左,,
HKSL_lesson_only419,HKSL_lesson_only419-RIGHT-0KVJ-895,right,右,右,右,,
HKSL_lesson_only42,HKSL_lesson_only42-WHO-12LG-504,who,誰,誰,誰,,
HKSL_lesson_only420,HKSL_lesson_only420-FRONT-0KID-896,front,前,前,前,,
HKSL_lesson_only421,HKSL_lesson_only421-BACK-0NSC-897,back,後,後,後,,
HKSL_lesson_only422,HKSL_lesson_only422-INSIDE-0KB7-898,inside,內,內,內,,
HKSL_lesson_only423,HKSL_lesson_only423-OUTSIDE-0M8M-899,outside,外,外,外,,
HKSL_lesson_only424,HKSL_lesson_only424-EAST-0PRH-900,east,東,東,東,,
HKSL_lesson_only425,HKSL_lesson_only425-SOUTH-0KQN-901,south,南,南,南,,
HKSL_lesson_only426,HKSL_lesson_only426-WEST-12BV-902,west,西,西,西,,
HKSL_lesson_only427,HKSL_lesson_only427-NORTH-0KON-903,north,北,北,北,,
HKSL_lesson_only428,HKSL_lesson_only428-CENTER-0JHD-904,center,中,中,中,,
HKSL_lesson_only429,HKSL_lesson_only429-ALMOST-0NFE-905,almost,差不多,差不多,差不多,,
HKSL_lesson_only43,HKSL_lesson_only43-DATE-0PF5-505,date,日期,日期,日期,,
HKSL_lesson_only430,HKSL_lesson_only430-PARK-0KBC-906,park,公園,公園,公園,,
HKSL_lesson_only431,HKSL_lesson_only431-SWIMMING_POOL-0R7J-907,swimming_pool,泳池,泳池,泳池,,
HKSL_lesson_only432,HKSL_lesson_only432-SPORTS_GROUND-142B-908,sports_ground,運動場,運動場,運動場,,
HKSL_lesson_only433,HKSL_lesson_only433-DISNEYLAND_RESORT-13VA-909,Disneyland_Resort,迪士尼樂園,迪士尼樂園,迪士尼樂園,,
HKSL_lesson_only434,HKSL_lesson_only434-OCEAN_PARK-0RBN-910,Ocean_Park,海洋公園,海洋公園,海洋公園,,
HKSL_lesson_only435,HKSL_lesson_only435-HOSPITAL-14DB-911,hospital,醫院,醫院,醫院,,
HKSL_lesson_only436,HKSL_lesson_only436-POLICE_STATION-12R6-912,police_station,警署,警署,警署,,
HKSL_lesson_only437,HKSL_lesson_only437-STAIRCASE-0QGJ-913,staircase,樓梯,樓梯,樓梯,,
HKSL_lesson_only438,HKSL_lesson_only438-LIFT-0KQ7-914,lift,升降機,升降機,升降機,,
HKSL_lesson_only439,HKSL_lesson_only439-ESCALATOR-0OJM-915,escalator,扶手電梯,扶手電梯,扶手電梯,,
HKSL_lesson_only44,HKSL_lesson_only44-AFTERNOON-0JGB-506,afternoon,下午,下午,下午,,
HKSL_lesson_only440,HKSL_lesson_only440-ILLNESS-0TE5-916,illness,病,病,病,,
HKSL_lesson_only440,HKSL_lesson_only440-^ILLNESS_2-0TE5-917,^illness_2,病,病_2,病,,
HKSL_lesson_only441,HKSL_lesson_only441-PROBLEM-0LAF-918,problem,問題,問題,問題,,
HKSL_lesson_only442,HKSL_lesson_only442-TAKE_TEMPERATURE-0OT2-919,take_temperature,探熱,探熱,探熱,,
HKSL_lesson_only443,HKSL_lesson_only443-BLOOD-1220-920,blood,血,血,血,,
HKSL_lesson_only444,HKSL_lesson_only444-DRAW_BLOOD-0OLT-921,draw_blood,抽血,抽血,抽血,,
HKSL_lesson_only445,HKSL_lesson_only445-INJECTION_1-0OIJ-922,injection_1,打針,打針_1,打針,,
HKSL_lesson_only445,HKSL_lesson_only445-^INJECTION_2-0OIJ-923,^injection_2,打針,打針_2,打針,,
HKSL_lesson_only446,HKSL_lesson_only446-PAIN-0TER-924,pain,痛,痛,痛,,
HKSL_lesson_only447,HKSL_lesson_only447-ENDURE-0NUD-925,endure,忍受,忍受,忍受,,
HKSL_lesson_only448,HKSL_lesson_only448-TOLERATE-0NUD-926,tolerate,忍耐,忍耐,忍耐,,
HKSL_lesson_only449,HKSL_lesson_only449-MEDICINE-11F5-927,medicine,藥水,藥水,藥水,,
HKSL_lesson_only45,HKSL_lesson_only45-NIGHT-0PIQ-507,night,晚上,晚上,晚上,,
HKSL_lesson_only450,HKSL_lesson_only450-PILL-11F5-928,pill,藥丸,藥丸,藥丸,,
HKSL_lesson_only451,HKSL_lesson_only451-SLEEPY-0TPS-929,sleepy,眼睏,眼睏,睏,,written chinese
HKSL_lesson_only452,HKSL_lesson_only452-WEAK_AND_FRAIL-123G-930,weak_and_frail,衰弱,衰弱,衰弱,,
HKSL_lesson_only453,HKSL_lesson_only453-HEALTHY_AND_STRONG-0M7F-931,healthy_and_strong,壯健,壯健,壯健,,
HKSL_lesson_only454,HKSL_lesson_only454-DIZZY-0PK8-932,dizzy,暈眩,暈眩,暈眩,,
HKSL_lesson_only455,HKSL_lesson_only455-DIGEST-0RC8-933,digest,消化,消化,消化,,
HKSL_lesson_only456,HKSL_lesson_only456-STOMACH-1063-934,stomach,胃,胃,胃,,
HKSL_lesson_only457,HKSL_lesson_only457-HABIT-0VUI-935,habit,習慣,習慣,習慣,,
HKSL_lesson_only458,HKSL_lesson_only458-DISCOMFORT-0JGD-936,discomfort,不適,不適,不適,,
HKSL_lesson_only459,HKSL_lesson_only459-IMPAIRMENT-15KS-937,impairment,障礙,障礙,障礙,,
HKSL_lesson_only46,HKSL_lesson_only46-NOW-0SVU-508,now,現在,現在,現在,,
HKSL_lesson_only460,HKSL_lesson_only460-DEFECATE-0M97-938,defecate,大便,大便,大便,,
HKSL_lesson_only461,HKSL_lesson_only461-URINATE-0N0F-939,urinate,小便,小便,小便,,
HKSL_lesson_only462,HKSL_lesson_only462-DIARRHEA-104Q-940,diarrhea,肚瀉,肚瀉,肚瀉,,
HKSL_lesson_only463,HKSL_lesson_only463-VOMIT-0LGK-941,vomit,嘔吐,嘔吐,嘔吐,,
HKSL_lesson_only464,HKSL_lesson_only464-COLD-0O8V-942,cold,感冒,感冒,感冒,,
HKSL_lesson_only465,HKSL_lesson_only465-WHEELCHAIR-13PA-943,wheelchair,輪椅,輪椅,輪椅,,
HKSL_lesson_only466,HKSL_lesson_only466-BLIND-0TNI-944,blind,盲,盲,盲,,
HKSL_lesson_only467,HKSL_lesson_only467-DISABLED_PERSON-0QSO-945,disabled_person,殘疾人士,殘疾人士,殘疾人士,,
HKSL_lesson_only468,HKSL_lesson_only468-FIRST_AID-0O15-946,first_aid,急救,急救,急救,,
HKSL_lesson_only469,HKSL_lesson_only469-RESCUE-0ONF-947,rescue,拯救,拯救,拯救,,
HKSL_lesson_only47,HKSL_lesson_only47-YESTERDAY-0PH8-509,yesterday,昨天,昨天,昨天,,
HKSL_lesson_only470,HKSL_lesson_only470-HOSPITALIZE-1401-948,hospitalize,送院,送院,送院,,
HKSL_lesson_only471,HKSL_lesson_only471-SURGERY-0OIB-949,surgery,手術,手術,手術,,
HKSL_lesson_only472,HKSL_lesson_only472-CANCER-0TIC-950,cancer,癌,癌,癌,,
HKSL_lesson_only473,HKSL_lesson_only473-FEVER-0TJS-951,fever,發燒,發燒,發燒,,
HKSL_lesson_only474,HKSL_lesson_only474-RECOVER-0NLN-952,recover,康復,康復,康復,,
HKSL_lesson_only475,HKSL_lesson_only475-SHY-0MTJ-953,shy,害羞,害羞,害羞,,
HKSL_lesson_only476,HKSL_lesson_only476-BLUSHING-15R2-954,blushing,面紅,面紅,面紅,,
HKSL_lesson_only477,HKSL_lesson_only477-PALE_FACED-15R2-955,pale_faced,面青青,面青青,臉色發白,,written chinese
HKSL_lesson_only478,HKSL_lesson_only478-SCARED-0MTJ-956,scared,害怕,害怕,害怕,,
HKSL_lesson_only479,HKSL_lesson_only479-SCARY-0O2G-957,scary,恐怖,恐怖,恐怖,,
HKSL_lesson_only48,HKSL_lesson_only48-TOMORROW-0PGE-510,tomorrow,明天,明天,明天,,
HKSL_lesson_only480,HKSL_lesson_only480-GREEDY-135A-958,greedy,貪心,貪心,貪心,,
HKSL_lesson_only480,HKSL_lesson_only480-^GREEDY_2-135A-959,^greedy_2,貪心,貪心_2,貪心,,
HKSL_lesson_only481,HKSL_lesson_only481-STINGY-0MR4-960,stingy,孤寒,孤寒,孤寒,,
HKSL_lesson_only482,HKSL_lesson_only482-PETTY-0N0F-961,petty,小氣,小氣,小氣,,
HKSL_lesson_only483,HKSL_lesson_only483-GRUDGEFUL-12GO-962,grudgeful,記仇,記仇,記仇,,
HKSL_lesson_only484,HKSL_lesson_only484-LUSTFUL-0MBT-963,lustful,好色,好色,好色,,
HKSL_lesson_only485,HKSL_lesson_only485-WIDE_EYED-0TPS-964,wide_eyed,眼凸凸,眼凸凸,眼凸凸,,
HKSL_lesson_only486,HKSL_lesson_only486-POINTLESS-0S91-965,pointless,無謂,無謂,無謂,,
HKSL_lesson_only487,HKSL_lesson_only487-^JEALOUS-0MM9-966,^jealous,嫉妒,嫉妒,嫉妒,,
HKSL_lesson_only487,HKSL_lesson_only487-JEALOUS_IN_LOVE-0L3N-968,jealous_in_love,呷醋,呷醋,呷醋,,
HKSL_lesson_only488,HKSL_lesson_only488-UNEXPECTED-0KFQ-967,unexpected,出乎意料,出乎意料,出乎意料,,
HKSL_lesson_only489,HKSL_lesson_only489-ASKING_FOR_TROUBLE-10FA-969,asking_for_trouble,自討苦吃,自討苦吃,自討苦吃,,
HKSL_lesson_only49,HKSL_lesson_only49-MONTH-0JG0-511,month,一個月,一個月,一個月,,
HKSL_lesson_only490,HKSL_lesson_only490-HILARIOUS-0P0U-970,hilarious,搞笑,搞笑,搞笑,,
HKSL_lesson_only491,HKSL_lesson_only491-MOLEITAU-0S91-971,moleitau,無厘頭,無厘頭,無厘頭,,
HKSL_lesson_only492,HKSL_lesson_only492-JOKING-0ST9-972,joking,玩嘢/講笑,玩嘢/講笑,開玩笑,,written chinese
HKSL_lesson_only493,HKSL_lesson_only493-TOUCHING-0O8V-973,touching,感人,感人,感人,,
HKSL_lesson_only494,HKSL_lesson_only494-ENGROSSED-0OKL-974,engrossed,投入,投入,投入,,
HKSL_lesson_only495,HKSL_lesson_only495-ANTICIPATING-0POV-975,anticipating,期待,期待,期待,,
HKSL_lesson_only496,HKSL_lesson_only496-INSTINCT-0TNK-976,instinct,直覺,直覺,直覺,,
HKSL_lesson_only497,HKSL_lesson_only497-TOIL-0ORH-977,toil,捱苦,捱苦,捱苦,,
HKSL_lesson_only498,HKSL_lesson_only498-UNAFRAID-0JGD-978,unafraid,不怕,不怕,不怕,,
HKSL_lesson_only499,HKSL_lesson_only499-REGRETFUL-0NSC-979,regretful,後悔,後悔,後悔,,
HKSL_lesson_only5,HKSL_lesson_only5-HEARING-0K35-463,hearing,健聽,健聽,健聽,,
HKSL_lesson_only50,HKSL_lesson_only50-HOW_MANY-0NJU-512,how_many,幾多/多少/幾個,幾多/多少/幾個,多少,,chose written chin
HKSL_lesson_only51,HKSL_lesson_only51-BIRTHDAY-0T8V-513,birthday,生日,生日,生日,,
HKSL_lesson_only52,HKSL_lesson_only52-LUNAR_CALENDAR-13TI-514,lunar_calendar,農曆,農曆,農曆,,
HKSL_lesson_only53,HKSL_lesson_only53-NEW_YEAR-0PDG-515,new_year,新年,新年,新年,,
HKSL_lesson_only54,HKSL_lesson_only54-DRAGON_BOAT_FESTIVAL-0UNF-516,dragon_boat_festival,端午節,端午節,端午節,,
HKSL_lesson_only55,HKSL_lesson_only55-VALENTINES_DAY-0O65-517,valentines_day,情人節,情人節,情人節,,
HKSL_lesson_only56,HKSL_lesson_only56-EASTER-0NT9-518,easter,復活節,復活節,復活節,,
HKSL_lesson_only57,HKSL_lesson_only57-MID_AUTUMN_FESTIVAL-0JHD-519,mid_autumn_festival,中秋節,中秋節,中秋節,,
HKSL_lesson_only58,HKSL_lesson_only58-TOMB_SWEEPING_DAY-0RG5-520,tomb_sweeping_day,清明節,清明節,清明節,,
HKSL_lesson_only59,HKSL_lesson_only59-CHRISTMAS-102M-521,christmas,聖誕節,聖誕節,聖誕節,,
HKSL_lesson_only6,HKSL_lesson_only6-HARD_OF_HEARING-0NPH-464,hard_of_hearing,弱聽,弱聽,弱聽,,
HKSL_lesson_only60,HKSL_lesson_only60-IDLE-0NSN-522,idle,得閒,得閒,得閒,,
HKSL_lesson_only61,HKSL_lesson_only61-BUSY-0NUP-523,busy,忙碌,忙碌,忙碌,,
HKSL_lesson_only62,HKSL_lesson_only62-PHOTOGRAPH-0P8T-524,photograph,攝影,攝影,攝影,,
HKSL_lesson_only62,HKSL_lesson_only62-^PHOTOGRAPH_2-0P8T-525,^photograph_2,攝影,攝影_2,攝影,,
HKSL_lesson_only63,HKSL_lesson_only63-DRAW-0VJA-526,draw,繪畫,繪畫,繪畫,,
HKSL_lesson_only64,HKSL_lesson_only64-WANDER-140R-527,wander,逛街,逛街,逛街,,
HKSL_lesson_only65,HKSL_lesson_only65-SHOPPING-137S-528,shopping,購物,購物,購物,,
HKSL_lesson_only66,HKSL_lesson_only66-HIKE-122C-529,hike,行山,行山,行山,,
HKSL_lesson_only67,HKSL_lesson_only67-BICYCLE-0LDE-530,bicycle,單車,單車,單車,,
HKSL_lesson_only68,HKSL_lesson_only68-BOAT_TRIP-142A-531,boat_trip,遊船河,遊船河,遊船河,,
HKSL_lesson_only69,HKSL_lesson_only69-TENNIS-0VDI-532,tennis,網球,網球,網球,,
HKSL_lesson_only7,HKSL_lesson_only7-DONT_UNDERSTAND-0JGD-465,dont_understand,不明白,不明白,不明白,,
HKSL_lesson_only70,HKSL_lesson_only70-SQUASH-0M61-533,squash,壁球,壁球,壁球,,
HKSL_lesson_only71,HKSL_lesson_only71-BADMINTON-0VTT-534,badminton,羽毛球,羽毛球,羽毛球,,
HKSL_lesson_only72,HKSL_lesson_only72-VOLLEYBALL-0OSI-535,volleyball,排球,排球,排球,,
HKSL_lesson_only73,HKSL_lesson_only73-BOWLING-0JUT-536,bowling,保齡球,保齡球,保齡球,,
HKSL_lesson_only74,HKSL_lesson_only74-FOOTBALL (SOCCER)-13DJ-537,football (soccer),足球,足球,足球,,
HKSL_lesson_only75,HKSL_lesson_only75-ICESKATING-0RKS-538,iceskating,溜冰,溜冰,溜冰,,
HKSL_lesson_only76,HKSL_lesson_only76-SWIM-0RHO-539,swim,游水,游水,游水,,
HKSL_lesson_only77,HKSL_lesson_only77-SCUBA_DIVING-0RQR-540,scuba_diving,潛水,潛水,潛水,,
HKSL_lesson_only78,HKSL_lesson_only78-DIVE-13FJ-541,dive,跳水,跳水,跳水,,
HKSL_lesson_only79,HKSL_lesson_only79-WALK-13BG-542,walk,走路,走路,走路,,
HKSL_lesson_only8,HKSL_lesson_only8-AGAIN-0KCD-466,again,再來,再來,再來,,
HKSL_lesson_only80,HKSL_lesson_only80-READ-15DH-543,read,閱讀,閱讀,閱讀,,
HKSL_lesson_only81,HKSL_lesson_only81-LISTEN_TO_MUSIC-103T-544,listen_to_music,聽音樂,聽音樂,聽音樂,,
HKSL_lesson_only82,HKSL_lesson_only82-PLAY_VIDEO_GAME-0ST9-545,play_video_game,玩電子遊戲,玩電子遊戲,玩電子遊戲,,
HKSL_lesson_only83,HKSL_lesson_only83-BARBECUE-0SEI-546,barbecue,燒烤,燒烤,燒烤,,
HKSL_lesson_only84,HKSL_lesson_only84-CAMP-15PI-547,camp,露營,露營,露營,,
HKSL_lesson_only85,HKSL_lesson_only85-ACTIVITIES-0R9R-548,activities,活動,活動,活動,,
HKSL_lesson_only86,HKSL_lesson_only86-ALL_KINDS-0L04-549,all_kinds,各式各樣,各式各樣,各式各樣,,
HKSL_lesson_only87,HKSL_lesson_only87-TO_LIKE-0LCS-550,to_like,喜歡,喜歡,喜歡,,
HKSL_lesson_only88,HKSL_lesson_only88-DISLIKE-0JGD-551,dislike,不喜歡,不喜歡,不喜歡,,
HKSL_lesson_only89,HKSL_lesson_only89-WHY-0S5Q-552,why,為什麼/點解,為什麼/點解,為什麼,,chose written chin
HKSL_lesson_only9,HKSL_lesson_only9-THANK_YOU-12OT-467,thank_you,謝謝,謝謝,謝謝,,
HKSL_lesson_only90,HKSL_lesson_only90-FLOWER-10LH-553,flower,花,花,花,,
HKSL_lesson_only91,HKSL_lesson_only91-GRASS-10Q9-554,grass,草,草,草,,
HKSL_lesson_only92,HKSL_lesson_only92-TREE-0QHP-555,tree,樹,樹,樹,,
HKSL_lesson_only93,HKSL_lesson_only93-WOOD-0PP8-556,wood,木,木,木,,
HKSL_lesson_only94,HKSL_lesson_only94-MOUNTAIN-0N3H-557,mountain,山,山,山,,
HKSL_lesson_only95,HKSL_lesson_only95-LEAF-1129-558,leaf,葉,葉,葉,,
HKSL_lesson_only96,HKSL_lesson_only96-CLOUD-15NI-559,cloud,雲,雲,雲,,
HKSL_lesson_only96,HKSL_lesson_only96-^CLOUD_2-15NI-560,^cloud_2,雲,雲_2,雲,,
HKSL_lesson_only97,HKSL_lesson_only97-RAIN-15N8-561,rain,雨,雨,雨,,
HKSL_lesson_only98,HKSL_lesson_only98-LIGHTNING-15C3-562,lightning,閃電,閃電,閃電,,
HKSL_lesson_only99,HKSL_lesson_only99-RAINBOW-0NR9-563,rainbow,彩虹,彩虹,彩虹,,
NULL,NULL-^LISTEN-103T-336,^listen,聽,聽,聽,,
,HKSL_lesson_only237-^DIPLOMA_2-0PC7-709,^diploma_2,文憑,文憑_2,文憑,,
,C_03_009-^INDIAN_2-0KRG-395,^indian_2,印度,印度_2,印度,,
,-^INDIAN_3-0KRG-396,^indian_3,印度,印度_3,印度,,
,B_03_073-^FILM_2-10VI-220,^film_2,菲林,菲林,菲林,,
,C_03_020-^SQUIRREL_2-0PRU-405,^squirrel_2,松鼠,松鼠_2,松鼠,,
